Bureau of Meteorology station number,Year,Month,Day,Daily global solar exposure (MJ/m*m),Sunny
9021,2014,1,1,30.3,TRUE
9021,2014,1,2,26.4,TRUE
9021,2014,1,3,33.3,TRUE
9021,2014,1,4,33.6,TRUE
9021,2014,1,5,33.4,TRUE
9021,2014,1,6,30.9,TRUE
9021,2014,1,7,32.7,TRUE
9021,2014,1,8,30.4,TRUE
9021,2014,1,9,32.7,TRUE
9021,2014,1,10,32.5,TRUE
9021,2014,1,11,32.3,TRUE
9021,2014,1,12,32.2,TRUE
9021,2014,1,13,28.3,TRUE
9021,2014,1,14,31.9,TRUE
9021,2014,1,15,30.8,TRUE
9021,2014,1,16,28.9,TRUE
9021,2014,1,17,32.5,TRUE
9021,2014,1,18,32.5,TRUE
9021,2014,1,19,32.1,TRUE
9021,2014,1,20,31.2,TRUE
9021,2014,1,21,31,TRUE
9021,2014,1,22,29.5,TRUE
9021,2014,1,23,29.5,TRUE
9021,2014,1,24,24.9,TRUE
9021,2014,1,25,22.5,TRUE
9021,2014,1,26,30,TRUE
9021,2014,1,27,29.2,TRUE
9021,2014,1,28,31.6,TRUE
9021,2014,1,29,30.2,TRUE
9021,2014,1,30,29,TRUE
9021,2014,1,31,25.3,TRUE
9021,2014,2,1,29.5,TRUE
9021,2014,2,2,29.8,TRUE
9021,2014,2,3,29.8,TRUE
9021,2014,2,4,29.1,TRUE
9021,2014,2,5,28.1,TRUE
9021,2014,2,6,27.9,TRUE
9021,2014,2,7,28.9,TRUE
9021,2014,2,8,29.2,TRUE
9021,2014,2,9,29.2,TRUE
9021,2014,2,10,26.9,TRUE
9021,2014,2,11,27.4,TRUE
9021,2014,2,12,24.7,TRUE
9021,2014,2,13,27.2,TRUE
9021,2014,2,14,27.5,TRUE
9021,2014,2,15,27.9,TRUE
9021,2014,2,16,21.6,TRUE
9021,2014,2,17,27.3,TRUE
9021,2014,2,18,28.5,TRUE
9021,2014,2,19,28.2,TRUE
9021,2014,2,20,26.1,TRUE
9021,2014,2,21,27,TRUE
9021,2014,2,22,25.2,TRUE
9021,2014,2,23,26.6,TRUE
9021,2014,2,24,26.7,TRUE
9021,2014,2,25,26,TRUE
9021,2014,2,26,26.6,TRUE
9021,2014,2,27,26.6,TRUE
9021,2014,2,28,26.3,TRUE
9021,2014,3,1,26.3,TRUE
9021,2014,3,2,25.2,TRUE
9021,2014,3,3,23.9,TRUE
9021,2014,3,4,24.4,TRUE
9021,2014,3,5,24.8,TRUE
9021,2014,3,6,24.5,TRUE
9021,2014,3,7,23.5,TRUE
9021,2014,3,8,18.2,TRUE
9021,2014,3,9,24.2,TRUE
9021,2014,3,10,24.2,TRUE
9021,2014,3,11,23.8,TRUE
9021,2014,3,12,20.4,TRUE
9021,2014,3,13,10.9,FALSE
9021,2014,3,14,21.9,TRUE
9021,2014,3,15,22.9,TRUE
9021,2014,3,16,22.7,TRUE
9021,2014,3,17,22.6,TRUE
9021,2014,3,18,22.5,TRUE
9021,2014,3,19,22.2,TRUE
9021,2014,3,20,21.8,TRUE
9021,2014,3,21,18.9,TRUE
9021,2014,3,22,19.6,TRUE
9021,2014,3,23,20.1,TRUE
9021,2014,3,24,19.2,TRUE
9021,2014,3,25,7.8,FALSE
9021,2014,3,26,11.1,FALSE
9021,2014,3,27,20.6,TRUE
9021,2014,3,28,20.4,TRUE
9021,2014,3,29,7.2,FALSE
9021,2014,3,30,12.1,FALSE
9021,2014,3,31,11,FALSE
9021,2014,4,1,16.8,TRUE
9021,2014,4,2,20.4,TRUE
9021,2014,4,3,19,TRUE
9021,2014,4,4,13,FALSE
9021,2014,4,5,16.3,TRUE
9021,2014,4,6,17.3,TRUE
9021,2014,4,7,18.9,TRUE
9021,2014,4,8,18.3,TRUE
9021,2014,4,9,12,FALSE
9021,2014,4,10,16.3,TRUE
9021,2014,4,11,17.9,TRUE
9021,2014,4,12,17.7,TRUE
9021,2014,4,13,17.4,TRUE
9021,2014,4,14,17.2,TRUE
9021,2014,4,15,16.3,TRUE
9021,2014,4,16,12.5,FALSE
9021,2014,4,17,16.6,TRUE
9021,2014,4,18,14.6,FALSE
9021,2014,4,19,16.6,TRUE
9021,2014,4,20,15.7,TRUE
9021,2014,4,21,16.8,TRUE
9021,2014,4,22,16.9,TRUE
9021,2014,4,23,15.4,TRUE
9021,2014,4,24,7.9,FALSE
9021,2014,4,25,13.1,FALSE
9021,2014,4,26,5.9,FALSE
9021,2014,4,27,8.6,FALSE
9021,2014,4,28,12.5,FALSE
9021,2014,4,29,12.4,FALSE
9021,2014,4,30,13.9,FALSE
9021,2014,5,1,14.7,FALSE
9021,2014,5,2,14.4,FALSE
9021,2014,5,3,13.2,FALSE
9021,2014,5,4,6.7,FALSE
9021,2014,5,5,7.5,FALSE
9021,2014,5,6,7,FALSE
9021,2014,5,7,4.3,FALSE
9021,2014,5,8,11.8,FALSE
9021,2014,5,9,10.7,FALSE
9021,2014,5,10,11.8,FALSE
9021,2014,5,11,13.5,FALSE
9021,2014,5,12,10.5,FALSE
9021,2014,5,13,11.5,FALSE
9021,2014,5,14,10.4,FALSE
9021,2014,5,15,9.6,FALSE
9021,2014,5,16,11.1,FALSE
9021,2014,5,17,12.6,FALSE
9021,2014,5,18,7.5,FALSE
9021,2014,5,19,7.5,FALSE
9021,2014,5,20,7.5,FALSE
9021,2014,5,21,8.9,FALSE
9021,2014,5,22,8.1,FALSE
9021,2014,5,23,10.9,FALSE
9021,2014,5,24,6.7,FALSE
9021,2014,5,25,10.1,FALSE
9021,2014,5,26,6.9,FALSE
9021,2014,5,27,5.9,FALSE
9021,2014,5,28,9.5,FALSE
9021,2014,5,29,11.5,FALSE
9021,2014,5,30,12.2,FALSE
9021,2014,5,31,6,FALSE
9021,2014,6,1,10.5,FALSE
9021,2014,6,2,10.5,FALSE
9021,2014,6,3,9.6,FALSE
9021,2014,6,4,11.9,FALSE
9021,2014,6,5,12,FALSE
9021,2014,6,6,12.1,FALSE
9021,2014,6,7,8,FALSE
9021,2014,6,8,4.2,FALSE
9021,2014,6,9,8.6,FALSE
9021,2014,6,10,7.6,FALSE
9021,2014,6,11,10.9,FALSE
9021,2014,6,12,11.1,FALSE
9021,2014,6,13,11.4,FALSE
9021,2014,6,14,11.8,FALSE
9021,2014,6,15,11.8,FALSE
9021,2014,6,16,11.6,FALSE
9021,2014,6,17,2.3,FALSE
9021,2014,6,18,8.7,FALSE
9021,2014,6,19,6.7,FALSE
9021,2014,6,20,7.1,FALSE
9021,2014,6,21,7.4,FALSE
9021,2014,6,22,10.1,FALSE
9021,2014,6,23,11.4,FALSE
9021,2014,6,24,11.7,FALSE
9021,2014,6,25,11.8,FALSE
9021,2014,6,26,8.5,FALSE
9021,2014,6,27,11.6,FALSE
9021,2014,6,28,11.7,FALSE
9021,2014,6,29,7.6,FALSE
9021,2014,6,30,9.9,FALSE
9021,2014,7,1,7.1,FALSE
9021,2014,7,2,6,FALSE
9021,2014,7,3,12,FALSE
9021,2014,7,4,9.2,FALSE
9021,2014,7,5,11.5,FALSE
9021,2014,7,6,2.7,FALSE
9021,2014,7,7,5.8,FALSE
9021,2014,7,8,8.4,FALSE
9021,2014,7,9,10.2,FALSE
9021,2014,7,10,11.8,FALSE
9021,2014,7,11,10.4,FALSE
86282,2014,1,1,3.1,FALSE
86282,2014,1,2,29.4,TRUE
86282,2014,1,3,29,TRUE
86282,2014,1,4,16.3,TRUE
86282,2014,1,5,28.5,TRUE
86282,2014,1,6,19.5,TRUE
86282,2014,1,7,18.7,TRUE
86282,2014,1,8,32.9,TRUE
86282,2014,1,9,31.8,TRUE
86282,2014,1,10,30.2,TRUE
86282,2014,1,11,19.1,TRUE
86282,2014,1,12,26,TRUE
86282,2014,1,13,32.5,TRUE
86282,2014,1,14,31.2,TRUE
86282,2014,1,15,21.9,TRUE
86282,2014,1,16,23,TRUE
86282,2014,1,17,29.5,TRUE
86282,2014,1,18,19.7,TRUE
86282,2014,1,19,27.8,TRUE
86282,2014,1,20,18.5,TRUE
86282,2014,1,21,21.1,TRUE
86282,2014,1,22,31.6,TRUE
86282,2014,1,23,31,TRUE
86282,2014,1,24,11.3,FALSE
86282,2014,1,25,26.4,TRUE
86282,2014,1,26,31.4,TRUE
86282,2014,1,27,30.9,TRUE
86282,2014,1,28,29.6,TRUE
86282,2014,1,29,22.5,TRUE
86282,2014,1,30,28.4,TRUE
86282,2014,1,31,28.3,TRUE
86282,2014,2,1,29,TRUE
86282,2014,2,2,29.8,TRUE
86282,2014,2,3,10.5,FALSE
86282,2014,2,4,28.8,TRUE
86282,2014,2,5,28.7,TRUE
86282,2014,2,6,27.7,TRUE
86282,2014,2,7,25.3,TRUE
86282,2014,2,8,27.6,TRUE
86282,2014,2,9,26.8,TRUE
86282,2014,2,10,28.4,TRUE
86282,2014,2,11,25,TRUE
86282,2014,2,12,21.5,TRUE
86282,2014,2,13,7.1,FALSE
86282,2014,2,14,7.3,FALSE
86282,2014,2,15,10.1,FALSE
86282,2014,2,16,18,TRUE
86282,2014,2,17,25.7,TRUE
86282,2014,2,18,23.5,TRUE
86282,2014,2,19,15.6,TRUE
86282,2014,2,20,22.7,TRUE
86282,2014,2,21,17.2,TRUE
86282,2014,2,22,9.6,FALSE
86282,2014,2,23,26.4,TRUE
86282,2014,2,24,24.3,TRUE
86282,2014,2,25,17.4,TRUE
86282,2014,2,26,14.1,FALSE
86282,2014,2,27,19.4,TRUE
86282,2014,2,28,25.1,TRUE
86282,2014,3,1,12.1,FALSE
86282,2014,3,2,18.3,TRUE
86282,2014,3,3,23.5,TRUE
86282,2014,3,4,22.6,TRUE
86282,2014,3,5,3.2,FALSE
86282,2014,3,6,23,TRUE
86282,2014,3,7,10.5,FALSE
86282,2014,3,8,18.9,TRUE
86282,2014,3,9,22.5,TRUE
86282,2014,3,10,14.7,FALSE
86282,2014,3,11,4.4,FALSE
86282,2014,3,12,18.4,TRUE
86282,2014,3,13,21.3,TRUE
86282,2014,3,14,21.1,TRUE
86282,2014,3,15,6.5,FALSE
86282,2014,3,16,13.7,FALSE
86282,2014,3,17,10.5,FALSE
86282,2014,3,18,11.5,FALSE
86282,2014,3,19,20.2,TRUE
86282,2014,3,20,20.8,TRUE
86282,2014,3,21,11.7,FALSE
86282,2014,3,22,9.4,FALSE
86282,2014,3,23,7.1,FALSE
86282,2014,3,24,7.7,FALSE
86282,2014,3,25,15.6,TRUE
86282,2014,3,26,14.1,FALSE
86282,2014,3,27,8.1,FALSE
86282,2014,3,28,9.5,FALSE
86282,2014,3,29,16.1,TRUE
86282,2014,3,30,13.9,FALSE
86282,2014,3,31,17.4,TRUE
86282,2014,4,1,17.2,TRUE
86282,2014,4,2,4.2,FALSE
86282,2014,4,3,3.8,FALSE
86282,2014,4,4,5.8,FALSE
86282,2014,4,5,10.7,FALSE
86282,2014,4,6,14.3,FALSE
86282,2014,4,7,11.3,FALSE
86282,2014,4,8,3.5,FALSE
86282,2014,4,9,3.6,FALSE
86282,2014,4,10,3.3,FALSE
86282,2014,4,11,2.9,FALSE
86282,2014,4,12,10.5,FALSE
86282,2014,4,13,13.1,FALSE
86282,2014,4,14,13.9,FALSE
86282,2014,4,15,13.6,FALSE
86282,2014,4,16,13,FALSE
86282,2014,4,17,14.6,FALSE
86282,2014,4,18,5.7,FALSE
86282,2014,4,19,7.5,FALSE
86282,2014,4,20,8,FALSE
86282,2014,4,21,10.2,FALSE
86282,2014,4,22,3,FALSE
86282,2014,4,23,12.5,FALSE
86282,2014,4,24,12.7,FALSE
86282,2014,4,25,14.1,FALSE
86282,2014,4,26,6.6,FALSE
86282,2014,4,27,13.2,FALSE
86282,2014,4,28,9.4,FALSE
86282,2014,4,29,2.6,FALSE
86282,2014,4,30,9.2,FALSE
86282,2014,5,1,9.6,FALSE
86282,2014,5,2,5.3,FALSE
86282,2014,5,3,8.3,FALSE
86282,2014,5,4,6.6,FALSE
86282,2014,5,5,6.7,FALSE
86282,2014,5,6,7.2,FALSE
86282,2014,5,7,9.1,FALSE
86282,2014,5,8,11.9,FALSE
86282,2014,5,9,6.5,FALSE
86282,2014,5,10,3.8,FALSE
86282,2014,5,11,9.2,FALSE
86282,2014,5,12,11.1,FALSE
86282,2014,5,13,9.8,FALSE
86282,2014,5,14,10.2,FALSE
86282,2014,5,15,10.3,FALSE
86282,2014,5,16,8.8,FALSE
86282,2014,5,17,4.3,FALSE
86282,2014,5,18,6.5,FALSE
86282,2014,5,19,8.7,FALSE
86282,2014,5,20,4.7,FALSE
86282,2014,5,21,9.4,FALSE
86282,2014,5,22,6.6,FALSE
86282,2014,5,23,4.9,FALSE
86282,2014,5,24,7.9,FALSE
86282,2014,5,25,8.2,FALSE
86282,2014,5,26,4.2,FALSE
86282,2014,5,27,3.6,FALSE
86282,2014,5,28,5.4,FALSE
86282,2014,5,29,5.1,FALSE
86282,2014,5,30,9,FALSE
86282,2014,5,31,5.8,FALSE
86282,2014,6,1,3.2,FALSE
86282,2014,6,2,4.8,FALSE
86282,2014,6,3,5.2,FALSE
86282,2014,6,4,7,FALSE
86282,2014,6,5,7.1,FALSE
86282,2014,6,6,6.2,FALSE
86282,2014,6,7,5.2,FALSE
86282,2014,6,8,7,FALSE
86282,2014,6,9,8.6,FALSE
86282,2014,6,10,8.4,FALSE
86282,2014,6,11,6.6,FALSE
86282,2014,6,12,3.9,FALSE
86282,2014,6,13,7.8,FALSE
86282,2014,6,14,3.7,FALSE
86282,2014,6,15,7.1,FALSE
86282,2014,6,16,4.3,FALSE
86282,2014,6,17,5.7,FALSE
86282,2014,6,18,5.1,FALSE
86282,2014,6,19,6.1,FALSE
86282,2014,6,20,6.4,FALSE
86282,2014,6,21,6.5,FALSE
86282,2014,6,22,6.2,FALSE
86282,2014,6,23,5.4,FALSE
86282,2014,6,24,6,FALSE
86282,2014,6,25,6,FALSE
86282,2014,6,26,6.6,FALSE
86282,2014,6,27,5.7,FALSE
86282,2014,6,28,5.7,FALSE
86282,2014,6,29,4.9,FALSE
86282,2014,6,30,5.9,FALSE
86282,2014,7,1,4,FALSE
86282,2014,7,2,7.7,FALSE
86282,2014,7,3,8.9,FALSE
86282,2014,7,4,8.2,FALSE
86282,2014,7,5,5.7,FALSE
86282,2014,7,6,6.2,FALSE
86282,2014,7,7,8.6,FALSE
86282,2014,7,8,8.2,FALSE
86282,2014,7,9,3.9,FALSE
86282,2014,7,10,5.7,FALSE
86282,2014,7,11,8.6,FALSE
94029,2014,1,1,15,FALSE
94029,2014,1,2,32.5,TRUE
94029,2014,1,3,30.1,TRUE
94029,2014,1,4,29.6,TRUE
94029,2014,1,5,14.4,FALSE
94029,2014,1,6,14.3,FALSE
94029,2014,1,7,30,TRUE
94029,2014,1,8,29.5,TRUE
94029,2014,1,9,32.5,TRUE
94029,2014,1,10,29.7,TRUE
94029,2014,1,11,31,TRUE
94029,2014,1,12,32.6,TRUE
94029,2014,1,13,32,TRUE
94029,2014,1,14,32.6,TRUE
94029,2014,1,15,25.5,TRUE
94029,2014,1,16,24.7,TRUE
94029,2014,1,17,15.3,TRUE
94029,2014,1,18,24.8,TRUE
94029,2014,1,19,17.1,TRUE
94029,2014,1,20,23.2,TRUE
94029,2014,1,21,21.8,TRUE
94029,2014,1,22,30.7,TRUE
94029,2014,1,23,31,TRUE
94029,2014,1,24,20.3,TRUE
94029,2014,1,25,23.3,TRUE
94029,2014,1,26,30.9,TRUE
94029,2014,1,27,30.6,TRUE
94029,2014,1,28,25.7,TRUE
94029,2014,1,29,31.1,TRUE
94029,2014,1,30,28.1,TRUE
94029,2014,1,31,21.6,TRUE
94029,2014,2,1,30,TRUE
94029,2014,2,2,25.4,TRUE
94029,2014,2,3,3.6,FALSE
94029,2014,2,4,14,FALSE
94029,2014,2,5,28.9,TRUE
94029,2014,2,6,28.7,TRUE
94029,2014,2,7,20.7,TRUE
94029,2014,2,8,25.1,TRUE
94029,2014,2,9,10.9,FALSE
94029,2014,2,10,19.5,TRUE
94029,2014,2,11,22.8,TRUE
94029,2014,2,12,7,FALSE
94029,2014,2,13,18.5,TRUE
94029,2014,2,14,3.9,FALSE
94029,2014,2,15,12.2,FALSE
94029,2014,2,16,10.8,FALSE
94029,2014,2,17,11.5,FALSE
94029,2014,2,18,12.8,FALSE
94029,2014,2,19,6,FALSE
94029,2014,2,20,17.8,TRUE
94029,2014,2,21,19.8,TRUE
94029,2014,2,22,21,TRUE
94029,2014,2,23,24.9,TRUE
94029,2014,2,24,8.1,FALSE
94029,2014,2,25,16.9,TRUE
94029,2014,2,26,17.1,TRUE
94029,2014,2,27,18.4,TRUE
94029,2014,2,28,22.5,TRUE
94029,2014,3,1,18.4,TRUE
94029,2014,3,2,12.9,FALSE
94029,2014,3,3,18.1,TRUE
94029,2014,3,4,22.3,TRUE
94029,2014,3,5,18.4,TRUE
94029,2014,3,6,14.9,FALSE
94029,2014,3,7,14.7,FALSE
94029,2014,3,8,16.3,TRUE
94029,2014,3,9,13.8,FALSE
94029,2014,3,10,7.8,FALSE
94029,2014,3,11,14.9,FALSE
94029,2014,3,12,11.3,FALSE
94029,2014,3,13,18.4,TRUE
94029,2014,3,14,9.7,FALSE
94029,2014,3,15,8,FALSE
94029,2014,3,16,13.7,FALSE
94029,2014,3,17,17,TRUE
94029,2014,3,18,15.3,TRUE
94029,2014,3,19,10.8,FALSE
94029,2014,3,20,12.9,FALSE
94029,2014,3,21,3,FALSE
94029,2014,3,22,10.4,FALSE
94029,2014,3,23,15.1,TRUE
94029,2014,3,24,13.7,FALSE
94029,2014,3,25,12.3,FALSE
94029,2014,3,26,15,FALSE
94029,2014,3,27,3.6,FALSE
94029,2014,3,28,3.7,FALSE
94029,2014,3,29,5.4,FALSE
94029,2014,3,30,5.5,FALSE
94029,2014,3,31,14.8,FALSE
94029,2014,4,1,13.7,FALSE
94029,2014,4,2,10.3,FALSE
94029,2014,4,3,10,FALSE
94029,2014,4,4,13.5,FALSE
94029,2014,4,5,5.3,FALSE
94029,2014,4,6,9.2,FALSE
94029,2014,4,7,10,FALSE
94029,2014,4,8,3.4,FALSE
94029,2014,4,9,9.3,FALSE
94029,2014,4,10,7.1,FALSE
94029,2014,4,11,3.6,FALSE
94029,2014,4,12,5,FALSE
94029,2014,4,13,10.8,FALSE
94029,2014,4,14,7.3,FALSE
94029,2014,4,15,6.7,FALSE
94029,2014,4,16,11.5,FALSE
94029,2014,4,17,10.9,FALSE
94029,2014,4,18,4.2,FALSE
94029,2014,4,19,6.7,FALSE
94029,2014,4,20,7.3,FALSE
94029,2014,4,21,7.3,FALSE
94029,2014,4,22,8.2,FALSE
94029,2014,4,23,7.7,FALSE
94029,2014,4,24,9.7,FALSE
94029,2014,4,25,9.9,FALSE
94029,2014,4,26,5.4,FALSE
94029,2014,4,27,7,FALSE
94029,2014,4,28,9.3,FALSE
94029,2014,4,29,2.4,FALSE
94029,2014,4,30,8.8,FALSE
94029,2014,5,1,8.8,FALSE
94029,2014,5,2,4,FALSE
94029,2014,5,3,4.3,FALSE
94029,2014,5,4,3.3,FALSE
94029,2014,5,5,4.3,FALSE
94029,2014,5,6,6.4,FALSE
94029,2014,5,7,4.8,FALSE
94029,2014,5,8,8.8,FALSE
94029,2014,5,9,8.7,FALSE
94029,2014,5,10,2.7,FALSE
94029,2014,5,11,7.9,FALSE
94029,2014,5,12,8.4,FALSE
94029,2014,5,13,6.8,FALSE
94029,2014,5,14,4.3,FALSE
94029,2014,5,15,7.5,FALSE
94029,2014,5,16,5.6,FALSE
94029,2014,5,17,3.7,FALSE
94029,2014,5,18,4.9,FALSE
94029,2014,5,19,3.9,FALSE
94029,2014,5,20,6.4,FALSE
94029,2014,5,21,3.1,FALSE
94029,2014,5,22,3,FALSE
94029,2014,5,23,4.7,FALSE
94029,2014,5,24,5.5,FALSE
94029,2014,5,25,5.9,FALSE
94029,2014,5,26,3.1,FALSE
94029,2014,5,27,3.2,FALSE
94029,2014,5,28,3.8,FALSE
94029,2014,5,29,4.2,FALSE
94029,2014,5,30,5.9,FALSE
94029,2014,5,31,6.5,FALSE
94029,2014,6,1,3.4,FALSE
94029,2014,6,2,5.9,FALSE
94029,2014,6,3,2.7,FALSE
94029,2014,6,4,3.7,FALSE
94029,2014,6,5,5.5,FALSE
94029,2014,6,6,6,FALSE
94029,2014,6,7,4,FALSE
94029,2014,6,8,4,FALSE
94029,2014,6,9,6.1,FALSE
94029,2014,6,10,5.1,FALSE
94029,2014,6,11,5,FALSE
94029,2014,6,12,2.8,FALSE
94029,2014,6,13,4.7,FALSE
94029,2014,6,14,4,FALSE
94029,2014,6,15,4.3,FALSE
94029,2014,6,16,4,FALSE
94029,2014,6,17,5.7,FALSE
94029,2014,6,18,3.1,FALSE
94029,2014,6,19,4.3,FALSE
94029,2014,6,20,4.8,FALSE
94029,2014,6,21,5.7,FALSE
94029,2014,6,22,5.7,FALSE
94029,2014,6,23,2.1,FALSE
94029,2014,6,24,4.4,FALSE
94029,2014,6,25,4.4,FALSE
94029,2014,6,26,3.7,FALSE
94029,2014,6,27,5.3,FALSE
94029,2014,6,28,3,FALSE
94029,2014,6,29,3.9,FALSE
94029,2014,6,30,4.5,FALSE
94029,2014,7,1,2.9,FALSE
94029,2014,7,2,4.5,FALSE
94029,2014,7,3,5.6,FALSE
94029,2014,7,4,3.9,FALSE
94029,2014,7,5,2.5,FALSE
94029,2014,7,6,2.9,FALSE
94029,2014,7,7,3.7,FALSE
94029,2014,7,8,4.5,FALSE
94029,2014,7,9,4.6,FALSE
94029,2014,7,10,5.4,FALSE
94029,2014,7,11,5.6,FALSE
14015,2014,1,1,26.4,TRUE
14015,2014,1,2,25.3,TRUE
14015,2014,1,3,27,TRUE
14015,2014,1,4,25.6,TRUE
14015,2014,1,5,22.9,TRUE
14015,2014,1,6,26,TRUE
14015,2014,1,7,26.8,TRUE
14015,2014,1,8,26.8,TRUE
14015,2014,1,9,26.4,TRUE
14015,2014,1,10,19.1,TRUE
14015,2014,1,11,22.1,TRUE
14015,2014,1,12,19.4,TRUE
14015,2014,1,13,3.4,FALSE
14015,2014,1,14,2.3,FALSE
14015,2014,1,15,13.4,FALSE
14015,2014,1,16,11,FALSE
14015,2014,1,17,9.8,FALSE
14015,2014,1,18,2.6,FALSE
14015,2014,1,19,3.9,FALSE
14015,2014,1,20,17.7,TRUE
14015,2014,1,21,22.2,TRUE
14015,2014,1,22,20,TRUE
14015,2014,1,23,15,FALSE
14015,2014,1,24,3.9,FALSE
14015,2014,1,25,23.1,TRUE
14015,2014,1,26,13.8,FALSE
14015,2014,1,27,19.1,TRUE
14015,2014,1,28,16.8,TRUE
14015,2014,1,29,6,FALSE
14015,2014,1,30,8.5,FALSE
14015,2014,1,31,2.5,FALSE
14015,2014,2,1,14.5,FALSE
14015,2014,2,2,9.2,FALSE
14015,2014,2,3,15.2,TRUE
14015,2014,2,4,14.5,FALSE
14015,2014,2,5,9.5,FALSE
14015,2014,2,6,6.1,FALSE
14015,2014,2,7,21.2,TRUE
14015,2014,2,8,24.4,TRUE
14015,2014,2,9,20.4,TRUE
14015,2014,2,10,24.7,TRUE
14015,2014,2,11,21.2,TRUE
14015,2014,2,12,11,FALSE
14015,2014,2,13,24.8,TRUE
14015,2014,2,14,26,TRUE
14015,2014,2,15,24.4,TRUE
14015,2014,2,16,16.1,TRUE
14015,2014,2,17,2.6,FALSE
14015,2014,2,18,4,FALSE
14015,2014,2,19,17.5,TRUE
14015,2014,2,20,24,TRUE
14015,2014,2,21,26.9,TRUE
14015,2014,2,22,26.2,TRUE
14015,2014,2,23,24.5,TRUE
14015,2014,2,24,26.3,TRUE
14015,2014,2,25,26.3,TRUE
14015,2014,2,26,19,TRUE
14015,2014,2,27,18,TRUE
14015,2014,2,28,26.3,TRUE
14015,2014,3,1,25.5,TRUE
14015,2014,3,2,26.9,TRUE
14015,2014,3,3,25.2,TRUE
14015,2014,3,4,17.9,TRUE
14015,2014,3,5,21,TRUE
14015,2014,3,6,19.4,TRUE
14015,2014,3,7,23.9,TRUE
14015,2014,3,8,24.4,TRUE
14015,2014,3,9,16.1,TRUE
14015,2014,3,10,19.5,TRUE
14015,2014,3,11,15.8,TRUE
14015,2014,3,12,15.2,TRUE
14015,2014,3,13,25.4,TRUE
14015,2014,3,14,10.6,FALSE
14015,2014,3,15,23.8,TRUE
14015,2014,3,16,22.4,TRUE
14015,2014,3,17,21.8,TRUE
14015,2014,3,18,22.6,TRUE
14015,2014,3,19,26.4,TRUE
14015,2014,3,20,24.5,TRUE
14015,2014,3,21,25.4,TRUE
14015,2014,3,22,20.4,TRUE
14015,2014,3,23,19.5,TRUE
14015,2014,3,24,21.9,TRUE
14015,2014,3,25,23.8,TRUE
14015,2014,3,26,20.5,TRUE
14015,2014,3,27,26.1,TRUE
14015,2014,3,28,26.1,TRUE
14015,2014,3,29,25.1,TRUE
14015,2014,3,30,19.9,TRUE
14015,2014,3,31,23.1,TRUE
14015,2014,4,1,22.2,TRUE
14015,2014,4,2,20.1,TRUE
14015,2014,4,3,21.8,TRUE
14015,2014,4,4,21.2,TRUE
14015,2014,4,5,18.8,TRUE
14015,2014,4,6,22.2,TRUE
14015,2014,4,7,15.1,TRUE
14015,2014,4,8,11,FALSE
14015,2014,4,9,16,TRUE
14015,2014,4,10,16.9,TRUE
14015,2014,4,11,22.5,TRUE
14015,2014,4,12,21.8,TRUE
14015,2014,4,13,17.4,TRUE
14015,2014,4,14,20.2,TRUE
14015,2014,4,15,18.7,TRUE
14015,2014,4,16,23.4,TRUE
14015,2014,4,17,18.7,TRUE
14015,2014,4,18,18.5,TRUE
14015,2014,4,19,22.9,TRUE
14015,2014,4,20,23.3,TRUE
14015,2014,4,21,23.1,TRUE
14015,2014,4,22,22,TRUE
14015,2014,4,23,21.5,TRUE
14015,2014,4,24,21.5,TRUE
14015,2014,4,25,18.1,TRUE
14015,2014,4,26,21.8,TRUE
14015,2014,4,27,17.5,TRUE
14015,2014,4,28,17.6,TRUE
14015,2014,4,29,19.8,TRUE
14015,2014,4,30,20.8,TRUE
14015,2014,5,1,20.6,TRUE
14015,2014,5,2,20.1,TRUE
14015,2014,5,3,13.7,FALSE
14015,2014,5,4,18.4,TRUE
14015,2014,5,5,22.3,TRUE
14015,2014,5,6,22.8,TRUE
14015,2014,5,7,22.5,TRUE
14015,2014,5,8,22.3,TRUE
14015,2014,5,9,21.9,TRUE
14015,2014,5,10,21.6,TRUE
14015,2014,5,11,19.7,TRUE
14015,2014,5,12,21.1,TRUE
14015,2014,5,13,21.7,TRUE
14015,2014,5,14,21.6,TRUE
14015,2014,5,15,21.2,TRUE
14015,2014,5,16,18.6,TRUE
14015,2014,5,17,20.6,TRUE
14015,2014,5,18,19.6,TRUE
14015,2014,5,19,16,TRUE
14015,2014,5,20,21.1,TRUE
14015,2014,5,21,21,TRUE
14015,2014,5,22,20.6,TRUE
14015,2014,5,23,20.9,TRUE
14015,2014,5,24,21.6,TRUE
14015,2014,5,25,21.6,TRUE
14015,2014,5,26,20.8,TRUE
14015,2014,5,27,19.6,TRUE
14015,2014,5,28,20.2,TRUE
14015,2014,5,29,20,TRUE
14015,2014,5,30,20,TRUE
14015,2014,5,31,18,TRUE
14015,2014,6,1,19.6,TRUE
14015,2014,6,2,20.1,TRUE
14015,2014,6,3,20.4,TRUE
14015,2014,6,4,19.7,TRUE
14015,2014,6,5,20.5,TRUE
14015,2014,6,6,20.1,TRUE
14015,2014,6,7,19.9,TRUE
14015,2014,6,8,20.6,TRUE
14015,2014,6,9,21.4,TRUE
14015,2014,6,10,21.2,TRUE
14015,2014,6,11,21,TRUE
14015,2014,6,12,20.7,TRUE
14015,2014,6,13,20.1,TRUE
14015,2014,6,14,18.1,TRUE
14015,2014,6,15,19.7,TRUE
14015,2014,6,16,20.8,TRUE
14015,2014,6,17,19.8,TRUE
14015,2014,6,18,19.6,TRUE
14015,2014,6,19,15,FALSE
14015,2014,6,20,19.4,TRUE
14015,2014,6,21,20,TRUE
14015,2014,6,22,20.4,TRUE
14015,2014,6,23,21.1,TRUE
14015,2014,6,24,21.4,TRUE
14015,2014,6,25,21,TRUE
14015,2014,6,26,20.9,TRUE
14015,2014,6,27,20.2,TRUE
14015,2014,6,28,19.9,TRUE
14015,2014,6,29,20.3,TRUE
14015,2014,6,30,20.8,TRUE
14015,2014,7,1,20.5,TRUE
14015,2014,7,2,19.9,TRUE
14015,2014,7,3,19.9,TRUE
14015,2014,7,4,20.2,TRUE
14015,2014,7,5,20.8,TRUE
14015,2014,7,6,21.2,TRUE
14015,2014,7,7,20.9,TRUE
14015,2014,7,8,20.5,TRUE
14015,2014,7,9,20.5,TRUE
14015,2014,7,10,19,TRUE
14015,2014,7,11,20.3,TRUE
31011,2014,1,1,28.7,TRUE
31011,2014,1,2,27.5,TRUE
31011,2014,1,3,28.1,TRUE
31011,2014,1,4,27.8,TRUE
31011,2014,1,5,18.5,TRUE
31011,2014,1,6,13.9,FALSE
31011,2014,1,7,24.7,TRUE
31011,2014,1,8,21.5,TRUE
31011,2014,1,9,21.6,TRUE
31011,2014,1,10,17.6,TRUE
31011,2014,1,11,10,FALSE
31011,2014,1,12,8.1,FALSE
31011,2014,1,13,8.7,FALSE
31011,2014,1,14,8.7,FALSE
31011,2014,1,15,18.2,TRUE
31011,2014,1,16,16.1,TRUE
31011,2014,1,17,17.7,TRUE
31011,2014,1,18,25,TRUE
31011,2014,1,19,25,TRUE
31011,2014,1,20,28.1,TRUE
31011,2014,1,21,24,TRUE
31011,2014,1,22,26.3,TRUE
31011,2014,1,23,3.8,FALSE
31011,2014,1,24,23.1,TRUE
31011,2014,1,25,24.1,TRUE
31011,2014,1,26,25.2,TRUE
31011,2014,1,27,17.2,TRUE
31011,2014,1,28,6,FALSE
31011,2014,1,29,14.6,FALSE
31011,2014,1,30,11.5,FALSE
31011,2014,1,31,25.2,TRUE
31011,2014,2,1,25.1,TRUE
31011,2014,2,2,12.7,FALSE
31011,2014,2,3,3.6,FALSE
31011,2014,2,4,11.9,FALSE
31011,2014,2,5,8.1,FALSE
31011,2014,2,6,11.5,FALSE
31011,2014,2,7,8,FALSE
31011,2014,2,8,4.2,FALSE
31011,2014,2,9,13,FALSE
31011,2014,2,10,12.2,FALSE
31011,2014,2,11,13.7,FALSE
31011,2014,2,12,11.9,FALSE
31011,2014,2,13,17.1,TRUE
31011,2014,2,14,25.7,TRUE
31011,2014,2,15,24,TRUE
31011,2014,2,16,17.3,TRUE
31011,2014,2,17,23.2,TRUE
31011,2014,2,18,18.5,TRUE
31011,2014,2,19,20.4,TRUE
31011,2014,2,20,20.3,TRUE
31011,2014,2,21,22.7,TRUE
31011,2014,2,22,10.1,FALSE
31011,2014,2,23,10.4,FALSE
31011,2014,2,24,15.4,TRUE
31011,2014,2,25,17.8,TRUE
31011,2014,2,26,23.3,TRUE
31011,2014,2,27,14.9,FALSE
31011,2014,2,28,17.6,TRUE
31011,2014,3,1,12.7,FALSE
31011,2014,3,2,25.1,TRUE
31011,2014,3,3,15,FALSE
31011,2014,3,4,15.4,TRUE
31011,2014,3,5,13.5,FALSE
31011,2014,3,6,23.9,TRUE
31011,2014,3,7,15.4,TRUE
31011,2014,3,8,14.7,FALSE
31011,2014,3,9,23.4,TRUE
31011,2014,3,10,20.7,TRUE
31011,2014,3,11,8.3,FALSE
31011,2014,3,12,10.9,FALSE
31011,2014,3,13,21,TRUE
31011,2014,3,14,13.6,FALSE
31011,2014,3,15,26.6,TRUE
31011,2014,3,16,26.6,TRUE
31011,2014,3,17,26.3,TRUE
31011,2014,3,18,25.2,TRUE
31011,2014,3,19,16,TRUE
31011,2014,3,20,8.2,FALSE
31011,2014,3,21,12.1,FALSE
31011,2014,3,22,9.8,FALSE
31011,2014,3,23,16.1,TRUE
31011,2014,3,24,12.3,FALSE
31011,2014,3,25,14.2,FALSE
31011,2014,3,26,18.4,TRUE
31011,2014,3,27,19.2,TRUE
31011,2014,3,28,15.2,TRUE
31011,2014,3,29,16.1,TRUE
31011,2014,3,30,19.2,TRUE
31011,2014,3,31,23.3,TRUE
31011,2014,4,1,21.6,TRUE
31011,2014,4,2,20.4,TRUE
31011,2014,4,3,22.9,TRUE
31011,2014,4,4,17.9,TRUE
31011,2014,4,5,18.5,TRUE
31011,2014,4,6,19.7,TRUE
31011,2014,4,7,22.3,TRUE
31011,2014,4,8,22.9,TRUE
31011,2014,4,9,20.9,TRUE
31011,2014,4,10,16.5,TRUE
31011,2014,4,11,10.6,FALSE
31011,2014,4,12,3.4,FALSE
31011,2014,4,13,20.3,TRUE
31011,2014,4,14,19.7,TRUE
31011,2014,4,15,20.1,TRUE
31011,2014,4,16,15.9,TRUE
31011,2014,4,17,14.1,FALSE
31011,2014,4,18,15.8,TRUE
31011,2014,4,19,17.9,TRUE
31011,2014,4,20,21.7,TRUE
31011,2014,4,21,6.7,FALSE
31011,2014,4,22,11.2,FALSE
31011,2014,4,23,12,FALSE
31011,2014,4,24,10.9,FALSE
31011,2014,4,25,10,FALSE
31011,2014,4,26,16.6,TRUE
31011,2014,4,27,19.1,TRUE
31011,2014,4,28,21.2,TRUE
31011,2014,4,29,21.3,TRUE
31011,2014,4,30,20.7,TRUE
31011,2014,5,1,21.2,TRUE
31011,2014,5,2,20.9,TRUE
31011,2014,5,3,20.9,TRUE
31011,2014,5,4,21,TRUE
31011,2014,5,5,19.8,TRUE
31011,2014,5,6,21.3,TRUE
31011,2014,5,7,20.9,TRUE
31011,2014,5,8,18.2,TRUE
31011,2014,5,9,17.5,TRUE
31011,2014,5,10,16.5,TRUE
31011,2014,5,11,14.6,FALSE
31011,2014,5,12,13.6,FALSE
31011,2014,5,13,10.2,FALSE
31011,2014,5,14,14.6,FALSE
31011,2014,5,15,12.1,FALSE
31011,2014,5,16,15.1,TRUE
31011,2014,5,17,14.3,FALSE
31011,2014,5,18,14,FALSE
31011,2014,5,19,12.4,FALSE
31011,2014,5,20,12.4,FALSE
31011,2014,5,21,12.7,FALSE
31011,2014,5,22,15.9,TRUE
31011,2014,5,23,12,FALSE
31011,2014,5,24,19.2,TRUE
31011,2014,5,25,19.5,TRUE
31011,2014,5,26,17.3,TRUE
31011,2014,5,27,10,FALSE
31011,2014,5,28,15.1,TRUE
31011,2014,5,29,17,TRUE
31011,2014,5,30,16.4,TRUE
31011,2014,5,31,13.2,FALSE
31011,2014,6,1,11.9,FALSE
31011,2014,6,2,17,TRUE
31011,2014,6,3,18.1,TRUE
31011,2014,6,4,18.3,TRUE
31011,2014,6,5,14.8,FALSE
31011,2014,6,6,14.7,FALSE
31011,2014,6,7,10.3,FALSE
31011,2014,6,8,3.7,FALSE
31011,2014,6,9,6.5,FALSE
31011,2014,6,10,18.6,TRUE
31011,2014,6,11,9.7,FALSE
31011,2014,6,12,9.6,FALSE
31011,2014,6,13,9,FALSE
31011,2014,6,14,15.4,TRUE
31011,2014,6,15,5.3,FALSE
31011,2014,6,16,8.6,FALSE
31011,2014,6,17,12.9,FALSE
31011,2014,6,18,12.5,FALSE
31011,2014,6,19,14.3,FALSE
31011,2014,6,20,18.6,TRUE
31011,2014,6,21,17.9,TRUE
31011,2014,6,22,18.7,TRUE
31011,2014,6,23,15.7,TRUE
31011,2014,6,24,16.8,TRUE
31011,2014,6,25,19.1,TRUE
31011,2014,6,26,15.4,TRUE
31011,2014,6,27,17.3,TRUE
31011,2014,6,28,18.3,TRUE
31011,2014,6,29,18.6,TRUE
31011,2014,6,30,19.5,TRUE
31011,2014,7,1,18.8,TRUE
31011,2014,7,2,18.8,TRUE
31011,2014,7,3,12.4,FALSE
31011,2014,7,4,15.1,TRUE
31011,2014,7,5,18.1,TRUE
31011,2014,7,6,18.1,TRUE
31011,2014,7,7,19.4,TRUE
31011,2014,7,8,17,TRUE
31011,2014,7,9,19.1,TRUE
31011,2014,7,10,18.9,TRUE
31011,2014,7,11,19.5,TRUE
3003,2014,1,1,27.3,TRUE
3003,2014,1,2,26.9,TRUE
3003,2014,1,3,26.4,TRUE
3003,2014,1,4,21.4,TRUE
3003,2014,1,5,27.3,TRUE
3003,2014,1,6,24.9,TRUE
3003,2014,1,7,27.7,TRUE
3003,2014,1,8,29,TRUE
3003,2014,1,9,27.5,TRUE
3003,2014,1,10,26.4,TRUE
3003,2014,1,11,27.2,TRUE
3003,2014,1,12,26.2,TRUE
3003,2014,1,13,25.1,TRUE
3003,2014,1,14,22,TRUE
3003,2014,1,15,21.2,TRUE
3003,2014,1,16,24.8,TRUE
3003,2014,1,17,14.6,FALSE
3003,2014,1,18,4.9,FALSE
3003,2014,1,19,13.4,FALSE
3003,2014,1,20,14.4,FALSE
3003,2014,1,21,19,TRUE
3003,2014,1,22,15.8,TRUE
3003,2014,1,23,20.1,TRUE
3003,2014,1,24,16.3,TRUE
3003,2014,1,25,18.2,TRUE
3003,2014,1,26,13,FALSE
3003,2014,1,27,14.9,FALSE
3003,2014,1,28,15.5,TRUE
3003,2014,1,29,22.7,TRUE
3003,2014,1,30,20.4,TRUE
3003,2014,1,31,27.4,TRUE
3003,2014,2,1,23.5,TRUE
3003,2014,2,2,26.5,TRUE
3003,2014,2,3,22.9,TRUE
3003,2014,2,4,20.8,TRUE
3003,2014,2,5,18.1,TRUE
3003,2014,2,6,18.8,TRUE
3003,2014,2,7,15.1,TRUE
3003,2014,2,8,20.5,TRUE
3003,2014,2,9,11.3,FALSE
3003,2014,2,10,6.7,FALSE
3003,2014,2,11,3.3,FALSE
3003,2014,2,12,13.4,FALSE
3003,2014,2,13,25.2,TRUE
3003,2014,2,14,24.8,TRUE
3003,2014,2,15,22.6,TRUE
3003,2014,2,16,19.7,TRUE
3003,2014,2,17,21.7,TRUE
3003,2014,2,18,22.8,TRUE
3003,2014,2,19,27.6,TRUE
3003,2014,2,20,27.3,TRUE
3003,2014,2,21,24.2,TRUE
3003,2014,2,22,27.2,TRUE
3003,2014,2,23,27.6,TRUE
3003,2014,2,24,28,TRUE
3003,2014,2,25,27.5,TRUE
3003,2014,2,26,21.3,TRUE
3003,2014,2,27,25.6,TRUE
3003,2014,2,28,27.1,TRUE
3003,2014,3,1,26.2,TRUE
3003,2014,3,2,26.6,TRUE
3003,2014,3,3,26.9,TRUE
3003,2014,3,4,27.1,TRUE
3003,2014,3,5,27,TRUE
3003,2014,3,6,25.1,TRUE
3003,2014,3,7,24.8,TRUE
3003,2014,3,8,24.2,TRUE
3003,2014,3,9,16.8,TRUE
3003,2014,3,10,16.4,TRUE
3003,2014,3,11,22.4,TRUE
3003,2014,3,12,23.5,TRUE
3003,2014,3,13,25.5,TRUE
3003,2014,3,14,23.5,TRUE
3003,2014,3,15,24.1,TRUE
3003,2014,3,16,24.4,TRUE
3003,2014,3,17,24.7,TRUE
3003,2014,3,18,13,FALSE
3003,2014,3,19,24.5,TRUE
3003,2014,3,20,24.4,TRUE
3003,2014,3,21,24.9,TRUE
3003,2014,3,22,24.3,TRUE
3003,2014,3,23,23.6,TRUE
3003,2014,3,24,24.3,TRUE
3003,2014,3,25,24,TRUE
3003,2014,3,26,13,FALSE
3003,2014,3,27,24.7,TRUE
3003,2014,3,28,25.1,TRUE
3003,2014,3,29,23.8,TRUE
3003,2014,3,30,23.6,TRUE
3003,2014,3,31,23.7,TRUE
3003,2014,4,1,23,TRUE
3003,2014,4,2,23.3,TRUE
3003,2014,4,3,23.1,TRUE
3003,2014,4,4,23.2,TRUE
3003,2014,4,5,22.9,TRUE
3003,2014,4,6,20.2,TRUE
3003,2014,4,7,20,TRUE
3003,2014,4,8,22,TRUE
3003,2014,4,9,22.4,TRUE
3003,2014,4,10,21.3,TRUE
3003,2014,4,11,20.9,TRUE
3003,2014,4,12,22.7,TRUE
3003,2014,4,13,22.9,TRUE
3003,2014,4,14,22.5,TRUE
3003,2014,4,15,23.2,TRUE
3003,2014,4,16,23.2,TRUE
3003,2014,4,17,23,TRUE
3003,2014,4,18,22.8,TRUE
3003,2014,4,19,22.4,TRUE
3003,2014,4,20,22.2,TRUE
3003,2014,4,21,22.3,TRUE
3003,2014,4,22,22,TRUE
3003,2014,4,23,21.8,TRUE
3003,2014,4,24,21.6,TRUE
3003,2014,4,25,21.4,TRUE
3003,2014,4,26,21.1,TRUE
3003,2014,4,27,20.7,TRUE
3003,2014,4,28,20.6,TRUE
3003,2014,4,29,20.3,TRUE
3003,2014,4,30,18.6,TRUE
3003,2014,5,1,18,TRUE
3003,2014,5,2,20.4,TRUE
3003,2014,5,3,20.2,TRUE
3003,2014,5,4,20.3,TRUE
3003,2014,5,5,19.6,TRUE
3003,2014,5,6,14.8,FALSE
3003,2014,5,7,19,TRUE
3003,2014,5,8,19.5,TRUE
3003,2014,5,9,19,TRUE
3003,2014,5,10,19.1,TRUE
3003,2014,5,11,19.4,TRUE
3003,2014,5,12,19.2,TRUE
3003,2014,5,13,19.1,TRUE
3003,2014,5,14,18.2,TRUE
3003,2014,5,15,19.5,TRUE
3003,2014,5,16,15.7,TRUE
3003,2014,5,17,19.1,TRUE
3003,2014,5,18,13.1,FALSE
3003,2014,5,19,19,TRUE
3003,2014,5,20,18,TRUE
3003,2014,5,21,18.6,TRUE
3003,2014,5,22,18.7,TRUE
3003,2014,5,23,19,TRUE
3003,2014,5,24,18.9,TRUE
3003,2014,5,25,17,TRUE
3003,2014,5,26,18.6,TRUE
3003,2014,5,27,18.9,TRUE
3003,2014,5,28,18.8,TRUE
3003,2014,5,29,16.7,TRUE
3003,2014,5,30,18,TRUE
3003,2014,5,31,18.7,TRUE
3003,2014,6,1,18.5,TRUE
3003,2014,6,2,18.6,TRUE
3003,2014,6,3,18.1,TRUE
3003,2014,6,4,18.7,TRUE
3003,2014,6,5,18.4,TRUE
3003,2014,6,6,18.5,TRUE
3003,2014,6,7,18.4,TRUE
3003,2014,6,8,18.5,TRUE
3003,2014,6,9,18.9,TRUE
3003,2014,6,10,18.3,TRUE
3003,2014,6,11,18.3,TRUE
3003,2014,6,12,18.3,TRUE
3003,2014,6,13,18.7,TRUE
3003,2014,6,14,18.4,TRUE
3003,2014,6,15,18.9,TRUE
3003,2014,6,16,18.9,TRUE
3003,2014,6,17,18.9,TRUE
3003,2014,6,18,18.3,TRUE
3003,2014,6,19,18.2,TRUE
3003,2014,6,20,18,TRUE
3003,2014,6,21,17.4,TRUE
3003,2014,6,22,17.1,TRUE
3003,2014,6,23,17.4,TRUE
3003,2014,6,24,14.3,FALSE
3003,2014,6,25,17.3,TRUE
3003,2014,6,26,18.1,TRUE
3003,2014,6,27,18.6,TRUE
3003,2014,6,28,18.6,TRUE
3003,2014,6,29,18.9,TRUE
3003,2014,6,30,18.8,TRUE
3003,2014,7,1,19,TRUE
3003,2014,7,2,18.9,TRUE
3003,2014,7,3,18.7,TRUE
3003,2014,7,4,19,TRUE
3003,2014,7,5,19.1,TRUE
3003,2014,7,6,18.8,TRUE
3003,2014,7,7,18.6,TRUE
3003,2014,7,8,18.4,TRUE
3003,2014,7,9,18.4,TRUE
3003,2014,7,10,18.7,TRUE
3003,2014,7,11,14.6,FALSE
40913,2014,1,1,31.2,TRUE
40913,2014,1,2,23.4,TRUE
40913,2014,1,3,29.6,TRUE
40913,2014,1,4,30.5,TRUE
40913,2014,1,5,15.7,TRUE
40913,2014,1,6,18.7,TRUE
40913,2014,1,7,27.2,TRUE
40913,2014,1,8,22.1,TRUE
40913,2014,1,9,19.8,TRUE
40913,2014,1,10,14,FALSE
40913,2014,1,11,22.6,TRUE
40913,2014,1,12,27.5,TRUE
40913,2014,1,13,24.6,TRUE
40913,2014,1,14,23.8,TRUE
40913,2014,1,15,26.4,TRUE
40913,2014,1,16,25.3,TRUE
40913,2014,1,17,28.8,TRUE
40913,2014,1,18,24,TRUE
40913,2014,1,19,30.2,TRUE
40913,2014,1,20,29.9,TRUE
40913,2014,1,21,29.7,TRUE
40913,2014,1,22,26.9,TRUE
40913,2014,1,23,6,FALSE
40913,2014,1,24,16.6,TRUE
40913,2014,1,25,11.1,FALSE
40913,2014,1,26,26.6,TRUE
40913,2014,1,27,22.3,TRUE
40913,2014,1,28,17.4,TRUE
40913,2014,1,29,18.1,TRUE
40913,2014,1,30,19.6,TRUE
40913,2014,1,31,12,FALSE
40913,2014,2,1,22.3,TRUE
40913,2014,2,2,22.9,TRUE
40913,2014,2,3,20.1,TRUE
40913,2014,2,4,24,TRUE
40913,2014,2,5,23.1,TRUE
40913,2014,2,6,18.4,TRUE
40913,2014,2,7,17.5,TRUE
40913,2014,2,8,21.6,TRUE
40913,2014,2,9,11.3,FALSE
40913,2014,2,10,18.1,TRUE
40913,2014,2,11,23.6,TRUE
40913,2014,2,12,22.4,TRUE
40913,2014,2,13,24,TRUE
40913,2014,2,14,18.7,TRUE
40913,2014,2,15,26.4,TRUE
40913,2014,2,16,26.9,TRUE
40913,2014,2,17,24.3,TRUE
40913,2014,2,18,18.4,TRUE
40913,2014,2,19,25.9,TRUE
40913,2014,2,20,21.3,TRUE
40913,2014,2,21,18.3,TRUE
40913,2014,2,22,4.7,FALSE
40913,2014,2,23,24.4,TRUE
40913,2014,2,24,20.2,TRUE
40913,2014,2,25,22.5,TRUE
40913,2014,2,26,22.6,TRUE
40913,2014,2,27,26.3,TRUE
40913,2014,2,28,18.8,TRUE
40913,2014,3,1,22.8,TRUE
40913,2014,3,2,17.8,TRUE
40913,2014,3,3,14.7,FALSE
40913,2014,3,4,20.7,TRUE
40913,2014,3,5,13.8,FALSE
40913,2014,3,6,23.7,TRUE
40913,2014,3,7,15.8,TRUE
40913,2014,3,8,20.5,TRUE
40913,2014,3,9,15.4,TRUE
40913,2014,3,10,21.4,TRUE
40913,2014,3,11,19.9,TRUE
40913,2014,3,12,20.8,TRUE
40913,2014,3,13,22.5,TRUE
40913,2014,3,14,19.2,TRUE
40913,2014,3,15,23.1,TRUE
40913,2014,3,16,23.6,TRUE
40913,2014,3,17,22.9,TRUE
40913,2014,3,18,19,TRUE
40913,2014,3,19,18.8,TRUE
40913,2014,3,20,21.4,TRUE
40913,2014,3,21,15.3,TRUE
40913,2014,3,22,18.9,TRUE
40913,2014,3,23,20.5,TRUE
40913,2014,3,24,16.2,TRUE
40913,2014,3,25,7.3,FALSE
40913,2014,3,26,8.8,FALSE
40913,2014,3,27,3,FALSE
40913,2014,3,28,10.6,FALSE
40913,2014,3,29,20,TRUE
40913,2014,3,30,3.8,FALSE
40913,2014,3,31,16.8,TRUE
40913,2014,4,1,20,TRUE
40913,2014,4,2,20,TRUE
40913,2014,4,3,20.7,TRUE
40913,2014,4,4,17.2,TRUE
40913,2014,4,5,20.6,TRUE
40913,2014,4,6,17.3,TRUE
40913,2014,4,7,14.4,FALSE
40913,2014,4,8,13,FALSE
40913,2014,4,9,17.9,TRUE
40913,2014,4,10,17,TRUE
40913,2014,4,11,19.3,TRUE
40913,2014,4,12,14.9,FALSE
40913,2014,4,13,3.4,FALSE
40913,2014,4,14,8.1,FALSE
40913,2014,4,15,13.4,FALSE
40913,2014,4,16,18.1,TRUE
40913,2014,4,17,19.3,TRUE
40913,2014,4,18,19.3,TRUE
40913,2014,4,19,19.5,TRUE
40913,2014,4,20,18.9,TRUE
40913,2014,4,21,18.7,TRUE
40913,2014,4,22,18.7,TRUE
40913,2014,4,23,18.1,TRUE
40913,2014,4,24,18.3,TRUE
40913,2014,4,25,17.9,TRUE
40913,2014,4,26,16.5,TRUE
40913,2014,4,27,15.8,TRUE
40913,2014,4,28,11.2,FALSE
40913,2014,4,29,12.8,FALSE
40913,2014,4,30,14.6,FALSE
40913,2014,5,1,14.3,FALSE
40913,2014,5,2,6.2,FALSE
40913,2014,5,3,15.4,TRUE
40913,2014,5,4,16.3,TRUE
40913,2014,5,5,16.2,TRUE
40913,2014,5,6,16.9,TRUE
40913,2014,5,7,12.9,FALSE
40913,2014,5,8,11.7,FALSE
40913,2014,5,9,16,TRUE
40913,2014,5,10,9.6,FALSE
40913,2014,5,11,14.6,FALSE
40913,2014,5,12,10.7,FALSE
40913,2014,5,13,14.4,FALSE
40913,2014,5,14,12.5,FALSE
40913,2014,5,15,14.3,FALSE
40913,2014,5,16,10.8,FALSE
40913,2014,5,17,13.3,FALSE
40913,2014,5,18,11.3,FALSE
40913,2014,5,19,10.6,FALSE
40913,2014,5,20,11.7,FALSE
40913,2014,5,21,13.7,FALSE
40913,2014,5,22,11.2,FALSE
40913,2014,5,23,12.3,FALSE
40913,2014,5,24,14.4,FALSE
40913,2014,5,25,14.6,FALSE
40913,2014,5,26,14.5,FALSE
40913,2014,5,27,13.2,FALSE
40913,2014,5,28,14.1,FALSE
40913,2014,5,29,13.4,FALSE
40913,2014,5,30,9.7,FALSE
40913,2014,5,31,10.1,FALSE
40913,2014,6,1,12.3,FALSE
40913,2014,6,2,13.4,FALSE
40913,2014,6,3,11.4,FALSE
40913,2014,6,4,12,FALSE
40913,2014,6,5,13.7,FALSE
40913,2014,6,6,12.7,FALSE
40913,2014,6,7,13.8,FALSE
40913,2014,6,8,11.8,FALSE
40913,2014,6,9,11.6,FALSE
40913,2014,6,10,12.8,FALSE
40913,2014,6,11,11,FALSE
40913,2014,6,12,11.5,FALSE
40913,2014,6,13,11.8,FALSE
40913,2014,6,14,5.8,FALSE
40913,2014,6,15,14.1,FALSE
40913,2014,6,16,13.9,FALSE
40913,2014,6,17,14,FALSE
40913,2014,6,18,13.2,FALSE
40913,2014,6,19,8,FALSE
40913,2014,6,20,9.1,FALSE
40913,2014,6,21,12.9,FALSE
40913,2014,6,22,13,FALSE
40913,2014,6,23,13.6,FALSE
40913,2014,6,24,7.6,FALSE
40913,2014,6,25,13.6,FALSE
40913,2014,6,26,14.2,FALSE
40913,2014,6,27,14.2,FALSE
40913,2014,6,28,10.6,FALSE
40913,2014,6,29,14.4,FALSE
40913,2014,6,30,14.1,FALSE
40913,2014,7,1,14.5,FALSE
40913,2014,7,2,14.1,FALSE
40913,2014,7,3,13.7,FALSE
40913,2014,7,4,12.3,FALSE
40913,2014,7,5,12.8,FALSE
40913,2014,7,6,14.5,FALSE
40913,2014,7,7,14.4,FALSE
40913,2014,7,8,14.7,FALSE
40913,2014,7,9,14.7,FALSE
40913,2014,7,10,14.7,FALSE
40913,2014,7,11,15,FALSE
23034,2014,1,1,3.9,FALSE
23034,2014,1,2,6.3,FALSE
23034,2014,1,3,25.3,TRUE
23034,2014,1,4,32.4,TRUE
23034,2014,1,5,23,TRUE
23034,2014,1,6,25.3,TRUE
23034,2014,1,7,32,TRUE
23034,2014,1,8,33.1,TRUE
23034,2014,1,9,32.9,TRUE
23034,2014,1,10,32.2,TRUE
23034,2014,1,11,32.1,TRUE
23034,2014,1,12,32.2,TRUE
23034,2014,1,13,32.3,TRUE
23034,2014,1,14,21.6,TRUE
23034,2014,1,15,23.3,TRUE
23034,2014,1,16,31.6,TRUE
23034,2014,1,17,27.9,TRUE
23034,2014,1,18,29.8,TRUE
23034,2014,1,19,31.6,TRUE
23034,2014,1,20,32,TRUE
23034,2014,1,21,31.9,TRUE
23034,2014,1,22,21.8,TRUE
23034,2014,1,23,20.7,TRUE
23034,2014,1,24,25.9,TRUE
23034,2014,1,25,31.4,TRUE
23034,2014,1,26,31.7,TRUE
23034,2014,1,27,31.9,TRUE
23034,2014,1,28,30.7,TRUE
23034,2014,1,29,29.3,TRUE
23034,2014,1,30,27.6,TRUE
23034,2014,1,31,29.3,TRUE
23034,2014,2,1,29.2,TRUE
23034,2014,2,2,28.7,TRUE
23034,2014,2,3,25.5,TRUE
23034,2014,2,4,30.4,TRUE
23034,2014,2,5,30.5,TRUE
23034,2014,2,6,29.5,TRUE
23034,2014,2,7,28.5,TRUE
23034,2014,2,8,17.8,TRUE
23034,2014,2,9,28.7,TRUE
23034,2014,2,10,28.9,TRUE
23034,2014,2,11,28.3,TRUE
23034,2014,2,12,14.3,FALSE
23034,2014,2,13,2.8,FALSE
23034,2014,2,14,3.3,FALSE
23034,2014,2,15,16.2,TRUE
23034,2014,2,16,26.5,TRUE
23034,2014,2,17,27.9,TRUE
23034,2014,2,18,23.9,TRUE
23034,2014,2,19,23.8,TRUE
23034,2014,2,20,24.4,TRUE
23034,2014,2,21,15.7,TRUE
23034,2014,2,22,23.8,TRUE
23034,2014,2,23,26.7,TRUE
23034,2014,2,24,26.8,TRUE
23034,2014,2,25,25.1,TRUE
23034,2014,2,26,23.2,TRUE
23034,2014,2,27,26.2,TRUE
23034,2014,2,28,26.2,TRUE
23034,2014,3,1,25.5,TRUE
23034,2014,3,2,24.8,TRUE
23034,2014,3,3,25,TRUE
23034,2014,3,4,24.7,TRUE
23034,2014,3,5,24,TRUE
23034,2014,3,6,24.2,TRUE
23034,2014,3,7,24.4,TRUE
23034,2014,3,8,24.1,TRUE
23034,2014,3,9,22.7,TRUE
23034,2014,3,10,9.1,FALSE
23034,2014,3,11,7.4,FALSE
23034,2014,3,12,23.3,TRUE
23034,2014,3,13,21.6,TRUE
23034,2014,3,14,13.6,FALSE
23034,2014,3,15,14.4,FALSE
23034,2014,3,16,16.1,TRUE
23034,2014,3,17,11,FALSE
23034,2014,3,18,17.2,TRUE
23034,2014,3,19,21.8,TRUE
23034,2014,3,20,21.5,TRUE
23034,2014,3,21,19.8,TRUE
23034,2014,3,22,22.1,TRUE
23034,2014,3,23,16.5,TRUE
23034,2014,3,24,18.4,TRUE
23034,2014,3,25,8.1,FALSE
23034,2014,3,26,18.1,TRUE
23034,2014,3,27,19.1,TRUE
23034,2014,3,28,18.3,TRUE
23034,2014,3,29,18.7,TRUE
23034,2014,3,30,18.3,TRUE
23034,2014,3,31,7.8,FALSE
23034,2014,4,1,15.6,TRUE
23034,2014,4,2,13.4,FALSE
23034,2014,4,3,10.6,FALSE
23034,2014,4,4,18.7,TRUE
23034,2014,4,5,18.7,TRUE
23034,2014,4,6,18.7,TRUE
23034,2014,4,7,6.6,FALSE
23034,2014,4,8,4.8,FALSE
23034,2014,4,9,5.6,FALSE
23034,2014,4,10,10,FALSE
23034,2014,4,11,8.1,FALSE
23034,2014,4,12,15.9,TRUE
23034,2014,4,13,15.9,TRUE
23034,2014,4,14,16.1,TRUE
23034,2014,4,15,16.5,TRUE
23034,2014,4,16,15.6,TRUE
23034,2014,4,17,15.9,TRUE
23034,2014,4,18,15.5,TRUE
23034,2014,4,19,12.1,FALSE
23034,2014,4,20,15,FALSE
23034,2014,4,21,11.4,FALSE
23034,2014,4,22,14.6,FALSE
23034,2014,4,23,14.8,FALSE
23034,2014,4,24,14,FALSE
23034,2014,4,25,9.8,FALSE
23034,2014,4,26,12.3,FALSE
23034,2014,4,27,14.3,FALSE
23034,2014,4,28,9.2,FALSE
23034,2014,4,29,10,FALSE
23034,2014,4,30,13.3,FALSE
23034,2014,5,1,7.6,FALSE
23034,2014,5,2,4.1,FALSE
23034,2014,5,3,9.9,FALSE
23034,2014,5,4,12,FALSE
23034,2014,5,5,7.6,FALSE
23034,2014,5,6,11.7,FALSE
23034,2014,5,7,12.7,FALSE
23034,2014,5,8,12.4,FALSE
23034,2014,5,9,3.1,FALSE
23034,2014,5,10,10.3,FALSE
23034,2014,5,11,11.8,FALSE
23034,2014,5,12,12.4,FALSE
23034,2014,5,13,12.3,FALSE
23034,2014,5,14,10.2,FALSE
23034,2014,5,15,10.4,FALSE
23034,2014,5,16,8.9,FALSE
23034,2014,5,17,5.4,FALSE
23034,2014,5,18,8.3,FALSE
23034,2014,5,19,7.3,FALSE
23034,2014,5,20,9.9,FALSE
23034,2014,5,21,10.8,FALSE
23034,2014,5,22,8.2,FALSE
23034,2014,5,23,8.8,FALSE
23034,2014,5,24,10.5,FALSE
23034,2014,5,25,9.9,FALSE
23034,2014,5,26,4.1,FALSE
23034,2014,5,27,8.3,FALSE
23034,2014,5,28,10,FALSE
23034,2014,5,29,8.5,FALSE
23034,2014,5,30,10.2,FALSE
23034,2014,5,31,3,FALSE
23034,2014,6,1,6.7,FALSE
23034,2014,6,2,6.9,FALSE
23034,2014,6,3,9.6,FALSE
23034,2014,6,4,6,FALSE
23034,2014,6,5,10,FALSE
23034,2014,6,6,10,FALSE
23034,2014,6,7,9.6,FALSE
23034,2014,6,8,8.6,FALSE
23034,2014,6,9,7.6,FALSE
23034,2014,6,10,9.9,FALSE
23034,2014,6,11,5.5,FALSE
23034,2014,6,12,5.6,FALSE
23034,2014,6,13,3.6,FALSE
23034,2014,6,14,8,FALSE
23034,2014,6,15,7.8,FALSE
23034,2014,6,16,7,FALSE
23034,2014,6,17,5.2,FALSE
23034,2014,6,18,9.9,FALSE
23034,2014,6,19,4,FALSE
23034,2014,6,20,5.4,FALSE
23034,2014,6,21,8.1,FALSE
23034,2014,6,22,5,FALSE
23034,2014,6,23,7.9,FALSE
23034,2014,6,24,7.2,FALSE
23034,2014,6,25,7.8,FALSE
23034,2014,6,26,7.3,FALSE
23034,2014,6,27,8.9,FALSE
23034,2014,6,28,9.6,FALSE
23034,2014,6,29,9.8,FALSE
23034,2014,6,30,6.8,FALSE
23034,2014,7,1,7.5,FALSE
23034,2014,7,2,10,FALSE
23034,2014,7,3,10.1,FALSE
23034,2014,7,4,8.2,FALSE
23034,2014,7,5,8.2,FALSE
23034,2014,7,6,10.3,FALSE
23034,2014,7,7,7.1,FALSE
23034,2014,7,8,3.1,FALSE
23034,2014,7,9,4.1,FALSE
23034,2014,7,10,9.4,FALSE
23034,2014,7,11,9.6,FALSE
66037,2014,1,1,20.6,TRUE
66037,2014,1,2,11.9,FALSE
66037,2014,1,3,22.4,TRUE
66037,2014,1,4,32.5,TRUE
66037,2014,1,5,29.8,TRUE
66037,2014,1,6,33.8,TRUE
66037,2014,1,7,14.6,FALSE
66037,2014,1,8,14.3,FALSE
66037,2014,1,9,14.6,FALSE
66037,2014,1,10,25,TRUE
66037,2014,1,11,28.8,TRUE
66037,2014,1,12,26.7,TRUE
66037,2014,1,13,31.3,TRUE
66037,2014,1,14,32,TRUE
66037,2014,1,15,32.1,TRUE
66037,2014,1,16,32.4,TRUE
66037,2014,1,17,31.9,TRUE
66037,2014,1,18,32.2,TRUE
66037,2014,1,19,23.9,TRUE
66037,2014,1,20,13.4,FALSE
66037,2014,1,21,10.9,FALSE
66037,2014,1,22,4.4,FALSE
66037,2014,1,23,18.3,TRUE
66037,2014,1,24,12.8,FALSE
66037,2014,1,25,25.6,TRUE
66037,2014,1,26,14.3,FALSE
66037,2014,1,27,29.7,TRUE
66037,2014,1,28,31,TRUE
66037,2014,1,29,30.8,TRUE
66037,2014,1,30,30.7,TRUE
66037,2014,1,31,30.1,TRUE
66037,2014,2,1,25.8,TRUE
66037,2014,2,2,28.5,TRUE
66037,2014,2,3,29.9,TRUE
66037,2014,2,4,5.3,FALSE
66037,2014,2,5,19.2,TRUE
66037,2014,2,6,14,FALSE
66037,2014,2,7,29.3,TRUE
66037,2014,2,8,28.8,TRUE
66037,2014,2,9,29.3,TRUE
66037,2014,2,10,11.4,FALSE
66037,2014,2,11,13.7,FALSE
66037,2014,2,12,14.5,FALSE
66037,2014,2,13,19.5,TRUE
66037,2014,2,14,5.6,FALSE
66037,2014,2,15,6,FALSE
66037,2014,2,16,3.2,FALSE
66037,2014,2,17,20.9,TRUE
66037,2014,2,18,13.3,FALSE
66037,2014,2,19,4.1,FALSE
66037,2014,2,20,26.4,TRUE
66037,2014,2,21,27.2,TRUE
66037,2014,2,22,23.2,TRUE
66037,2014,2,23,24.3,TRUE
66037,2014,2,24,24.3,TRUE
66037,2014,2,25,24.3,TRUE
66037,2014,2,26,17.9,TRUE
66037,2014,2,27,6.8,FALSE
66037,2014,2,28,3.2,FALSE
66037,2014,3,1,5.4,FALSE
66037,2014,3,2,10.3,FALSE
66037,2014,3,3,15.6,TRUE
66037,2014,3,4,13.7,FALSE
66037,2014,3,5,18,TRUE
66037,2014,3,6,17.7,TRUE
66037,2014,3,7,17.6,TRUE
66037,2014,3,8,21.1,TRUE
66037,2014,3,9,20,TRUE
66037,2014,3,10,21.9,TRUE
66037,2014,3,11,21,TRUE
66037,2014,3,12,14.7,FALSE
66037,2014,3,13,17.3,TRUE
66037,2014,3,14,20,TRUE
66037,2014,3,15,13.6,FALSE
66037,2014,3,16,11.7,FALSE
66037,2014,3,17,22.7,TRUE
66037,2014,3,18,20.8,TRUE
66037,2014,3,19,20.2,TRUE
66037,2014,3,20,17.6,TRUE
66037,2014,3,21,11.6,FALSE
66037,2014,3,22,17.9,TRUE
66037,2014,3,23,17,TRUE
66037,2014,3,24,2.9,FALSE
66037,2014,3,25,15.8,TRUE
66037,2014,3,26,6.5,FALSE
66037,2014,3,27,3.3,FALSE
66037,2014,3,28,7.4,FALSE
66037,2014,3,29,16.6,TRUE
66037,2014,3,30,17.5,TRUE
66037,2014,3,31,16,TRUE
66037,2014,4,1,14.3,FALSE
66037,2014,4,2,18.5,TRUE
66037,2014,4,3,16.3,TRUE
66037,2014,4,4,3.8,FALSE
66037,2014,4,5,11.5,FALSE
66037,2014,4,6,8.9,FALSE
66037,2014,4,7,12.5,FALSE
66037,2014,4,8,8.4,FALSE
66037,2014,4,9,11.3,FALSE
66037,2014,4,10,3.6,FALSE
66037,2014,4,11,10.8,FALSE
66037,2014,4,12,6.6,FALSE
66037,2014,4,13,8.1,FALSE
66037,2014,4,14,11,FALSE
66037,2014,4,15,11.2,FALSE
66037,2014,4,16,14.7,FALSE
66037,2014,4,17,15.9,TRUE
66037,2014,4,18,16.3,TRUE
66037,2014,4,19,15.4,TRUE
66037,2014,4,20,15.1,TRUE
66037,2014,4,21,16,TRUE
66037,2014,4,22,15.1,TRUE
66037,2014,4,23,14.1,FALSE
66037,2014,4,24,14.1,FALSE
66037,2014,4,25,5.7,FALSE
66037,2014,4,26,5.4,FALSE
66037,2014,4,27,4,FALSE
66037,2014,4,28,7.6,FALSE
66037,2014,4,29,13.2,FALSE
66037,2014,4,30,11.6,FALSE
66037,2014,5,1,14.5,FALSE
66037,2014,5,2,12.8,FALSE
66037,2014,5,3,6.8,FALSE
66037,2014,5,4,13,FALSE
66037,2014,5,5,13,FALSE
66037,2014,5,6,13,FALSE
66037,2014,5,7,13.6,FALSE
66037,2014,5,8,10,FALSE
66037,2014,5,9,10.9,FALSE
66037,2014,5,10,10.7,FALSE
66037,2014,5,11,9.5,FALSE
66037,2014,5,12,10.8,FALSE
66037,2014,5,13,11.7,FALSE
66037,2014,5,14,12.2,FALSE
66037,2014,5,15,12.7,FALSE
66037,2014,5,16,12.7,FALSE
66037,2014,5,17,12.4,FALSE
66037,2014,5,18,9.3,FALSE
66037,2014,5,19,11.2,FALSE
66037,2014,5,20,10.5,FALSE
66037,2014,5,21,11.2,FALSE
66037,2014,5,22,11.7,FALSE
66037,2014,5,23,11.3,FALSE
66037,2014,5,24,10.6,FALSE
66037,2014,5,25,9.5,FALSE
66037,2014,5,26,10.9,FALSE
66037,2014,5,27,8.7,FALSE
66037,2014,5,28,11.2,FALSE
66037,2014,5,29,9,FALSE
66037,2014,5,30,9.2,FALSE
66037,2014,5,31,7.8,FALSE
66037,2014,6,1,4.7,FALSE
66037,2014,6,2,8.4,FALSE
66037,2014,6,3,10.8,FALSE
66037,2014,6,4,10.4,FALSE
66037,2014,6,5,5.4,FALSE
66037,2014,6,6,6,FALSE
66037,2014,6,7,10.4,FALSE
66037,2014,6,8,9.2,FALSE
66037,2014,6,9,7.6,FALSE
66037,2014,6,10,7.7,FALSE
66037,2014,6,11,6.6,FALSE
66037,2014,6,12,9.7,FALSE
66037,2014,6,13,6.6,FALSE
66037,2014,6,14,7.2,FALSE
66037,2014,6,15,4.9,FALSE
66037,2014,6,16,10.4,FALSE
66037,2014,6,17,9.8,FALSE
66037,2014,6,18,10.3,FALSE
66037,2014,6,19,10.3,FALSE
66037,2014,6,20,8.3,FALSE
66037,2014,6,21,10.3,FALSE
66037,2014,6,22,8,FALSE
66037,2014,6,23,4.8,FALSE
66037,2014,6,24,10.5,FALSE
66037,2014,6,25,10.5,FALSE
66037,2014,6,26,10.5,FALSE
66037,2014,6,27,9.9,FALSE
66037,2014,6,28,10.1,FALSE
66037,2014,6,29,10.3,FALSE
66037,2014,6,30,10.7,FALSE
66037,2014,7,1,10.5,FALSE
66037,2014,7,2,10.4,FALSE
66037,2014,7,3,10.8,FALSE
66037,2014,7,4,11,FALSE
66037,2014,7,5,10.6,FALSE
66037,2014,7,6,10.6,FALSE
66037,2014,7,7,10.7,FALSE
66037,2014,7,8,11,FALSE
66037,2014,7,9,10.9,FALSE
66037,2014,7,10,11,FALSE
66037,2014,7,11,10.9,FALSE
