Bureau of Meteorology station number,Year,Month,Day,Maximum temperature (Degree C),Days of accumulation of maximum temperature,Quality
31011,2014,1,1,31.7,1,N
31011,2014,1,2,32,1,N
31011,2014,1,3,32.5,1,N
31011,2014,1,4,33.1,1,N
31011,2014,1,5,33.2,1,N
31011,2014,1,6,32.7,1,N
31011,2014,1,7,33.7,1,N
31011,2014,1,8,34.1,1,N
31011,2014,1,9,34.3,1,N
31011,2014,1,10,33.1,1,N
31011,2014,1,11,32.3,1,N
31011,2014,1,12,28.8,1,N
31011,2014,1,13,26.3,1,N
31011,2014,1,14,28.5,1,N
31011,2014,1,15,30.6,1,N
31011,2014,1,16,31.1,1,N
31011,2014,1,17,30.9,1,N
31011,2014,1,18,32,1,N
31011,2014,1,19,30.5,1,N
31011,2014,1,20,30.9,1,N
31011,2014,1,21,30.5,1,N
31011,2014,1,22,32.1,1,N
31011,2014,1,23,30.5,1,N
31011,2014,1,24,32,1,N
31011,2014,1,25,33.1,1,N
31011,2014,1,26,33.7,1,N
31011,2014,1,27,31.2,1,N
31011,2014,1,28,30.3,1,N
31011,2014,1,29,30.5,1,N
31011,2014,1,30,32,1,N
31011,2014,1,31,33.4,1,N
31011,2014,2,1,34.2,1,N
31011,2014,2,2,33.1,1,N
31011,2014,2,3,26,1,N
31011,2014,2,4,29.5,1,N
31011,2014,2,5,25.7,1,N
31011,2014,2,6,27.9,1,N
31011,2014,2,7,26.6,1,N
31011,2014,2,8,28.2,1,N
31011,2014,2,9,30.6,1,N
31011,2014,2,10,30.4,1,N
31011,2014,2,11,29.7,1,N
31011,2014,2,12,29.4,1,N
31011,2014,2,13,29.4,1,N
31011,2014,2,14,29.7,1,N
31011,2014,2,15,30.2,1,N
31011,2014,2,16,31.8,1,N
31011,2014,2,17,31,1,N
31011,2014,2,18,30.2,1,N
31011,2014,2,19,30.4,1,N
31011,2014,2,20,32.6,1,N
31011,2014,2,21,33.4,1,N
31011,2014,2,22,31.1,1,N
31011,2014,2,23,30.2,1,N
31011,2014,2,24,30.8,1,N
31011,2014,2,25,30.6,1,N
31011,2014,2,26,31.4,1,N
31011,2014,2,27,30.2,1,N
31011,2014,2,28,30.6,1,N
31011,2014,3,1,28.6,1,N
31011,2014,3,2,31.6,1,N
31011,2014,3,3,29.6,1,N
31011,2014,3,4,31.1,1,N
31011,2014,3,5,29.5,1,N
31011,2014,3,6,30.8,1,N
31011,2014,3,7,31.3,1,N
31011,2014,3,8,29.6,1,N
31011,2014,3,9,32.4,1,N
31011,2014,3,10,30.7,1,N
31011,2014,3,11,28,1,N
31011,2014,3,12,29.4,1,N
31011,2014,3,13,30.4,1,N
31011,2014,3,14,29.7,1,N
31011,2014,3,15,30.2,1,N
31011,2014,3,16,29.9,1,N
31011,2014,3,17,31,1,N
31011,2014,3,18,32.1,1,N
31011,2014,3,19,31.1,1,N
31011,2014,3,20,27.8,1,N
31011,2014,3,21,29.4,1,N
31011,2014,3,22,29,1,N
31011,2014,3,23,30.1,1,N
31011,2014,3,24,29.8,1,N
31011,2014,3,25,28.3,1,N
31011,2014,3,26,28.6,1,N
31011,2014,3,27,29.4,1,N
31011,2014,3,28,30.5,1,N
31011,2014,3,29,30.9,1,N
31011,2014,3,30,31.5,1,N
31011,2014,3,31,31.1,1,N
31011,2014,4,1,30.8,1,N
31011,2014,4,2,30,1,N
31011,2014,4,3,30.6,1,N
31011,2014,4,4,30.8,1,N
31011,2014,4,5,30.6,1,N
31011,2014,4,6,30.2,1,N
31011,2014,4,7,30.6,1,N
31011,2014,4,8,30.4,1,N
31011,2014,4,9,30.2,1,N
31011,2014,4,10,30.6,1,N
31011,2014,4,11,29,1,N
31011,2014,4,12,27.3,1,N
31011,2014,4,13,31.5,1,N
31011,2014,4,14,30.3,1,N
31011,2014,4,15,30.6,1,N
31011,2014,4,16,29.9,1,N
31011,2014,4,17,29.9,1,N
31011,2014,4,18,29.4,1,N
31011,2014,4,19,29.7,1,N
31011,2014,4,20,28.5,1,N
31011,2014,4,21,28,1,N
31011,2014,4,22,27.3,1,N
31011,2014,4,23,29.5,1,N
31011,2014,4,24,27.8,1,N
31011,2014,4,25,26.8,1,N
31011,2014,4,26,29.4,1,N
31011,2014,4,27,29.8,1,N
31011,2014,4,28,29.2,1,N
31011,2014,4,29,29.6,1,N
31011,2014,4,30,30.1,1,N
31011,2014,5,1,29.3,1,N
31011,2014,5,2,29.1,1,N
31011,2014,5,3,30.6,1,N
31011,2014,5,4,26.4,1,N
31011,2014,5,5,27.6,1,N
31011,2014,5,6,27.6,1,N
31011,2014,5,7,28.5,1,N
31011,2014,5,8,28.9,1,N
31011,2014,5,9,29,1,N
31011,2014,5,10,29.2,1,N
31011,2014,5,11,27.6,1,N
31011,2014,5,12,29.2,1,N
31011,2014,5,13,25.4,1,N
31011,2014,5,14,28.9,1,N
31011,2014,5,15,26.3,1,N
31011,2014,5,16,27.3,1,N
31011,2014,5,17,27.4,1,N
31011,2014,5,18,27,1,N
31011,2014,5,19,27,1,N
31011,2014,5,20,26.9,1,N
31011,2014,5,21,26.4,1,N
31011,2014,5,22,27.6,1,N
31011,2014,5,23,26,1,N
31011,2014,5,24,28.7,1,N
31011,2014,5,25,28.6,1,N
31011,2014,5,26,28.5,1,N
31011,2014,5,27,26.5,1,N
31011,2014,5,28,28.3,1,N
31011,2014,5,29,28.1,1,N
31011,2014,5,30,27.7,1,N
31011,2014,5,31,26.7,1,N
31011,2014,6,1,27.3,1,N
31011,2014,6,2,28.3,1,N
31011,2014,6,3,28.8,1,N
31011,2014,6,4,29.1,1,N
31011,2014,6,5,28.9,1,N
31011,2014,6,6,28.4,1,N
31011,2014,6,7,26.1,1,N
31011,2014,6,8,20.3,1,N
31011,2014,6,9,21.2,1,N
31011,2014,6,10,26.7,1,N
31011,2014,6,11,23.9,1,N
31011,2014,6,12,25.3,1,N
31011,2014,6,13,25.3,1,N
31011,2014,6,14,28.1,1,N
31011,2014,6,15,21.5,1,N
31011,2014,6,16,22.1,1,N
31011,2014,6,17,23.6,1,N
31011,2014,6,18,24.7,1,N
31011,2014,6,19,25.7,1,N
31011,2014,6,20,27.6,1,N
31011,2014,6,21,26.9,1,N
31011,2014,6,22,27.3,1,N
31011,2014,6,23,26.1,1,N
31011,2014,6,24,27.2,1,N
31011,2014,6,25,26.9,1,N
31011,2014,6,26,26.2,1,N
31011,2014,6,27,26.4,1,N
31011,2014,6,28,28.4,1,N
31011,2014,6,29,27,1,N
31011,2014,6,30,24.1,1,N
31011,2014,7,1,24.3,1,N
31011,2014,7,2,25,1,N
31011,2014,7,3,25.5,1,N
31011,2014,7,4,26.5,1,N
31011,2014,7,5,27.2,1,N
31011,2014,7,6,26.9,1,N
31011,2014,7,7,26.3,1,N
31011,2014,7,8,25,1,N
31011,2014,7,9,25.5,1,N
31011,2014,7,10,26.2,1,N
31011,2014,7,11,25.9,1,N
14015,2014,1,1,33.3,1,Y
14015,2014,1,2,33.7,1,Y
14015,2014,1,3,34.1,1,Y
14015,2014,1,4,33.4,1,Y
14015,2014,1,5,33.9,1,Y
14015,2014,1,6,36,1,Y
14015,2014,1,7,36.1,1,Y
14015,2014,1,8,34.8,1,Y
14015,2014,1,9,34.8,1,Y
14015,2014,1,10,32.8,1,Y
14015,2014,1,11,32.9,1,Y
14015,2014,1,12,32.9,1,Y
14015,2014,1,13,29.2,1,Y
14015,2014,1,14,28,1,Y
14015,2014,1,15,30.6,1,Y
14015,2014,1,16,30.6,1,Y
14015,2014,1,17,31.2,1,Y
14015,2014,1,18,30.1,1,Y
14015,2014,1,19,30.8,1,Y
14015,2014,1,20,30.5,1,Y
14015,2014,1,21,31.8,1,Y
14015,2014,1,22,32,1,Y
14015,2014,1,23,30.7,1,Y
14015,2014,1,24,30,1,Y
14015,2014,1,25,31.6,1,Y
14015,2014,1,26,31.2,1,Y
14015,2014,1,27,31.4,1,Y
14015,2014,1,28,29.1,1,Y
14015,2014,1,29,28.5,1,Y
14015,2014,1,30,28.4,1,Y
14015,2014,1,31,28.1,1,Y
14015,2014,2,1,30.3,1,Y
14015,2014,2,2,31.2,1,Y
14015,2014,2,3,29.8,1,Y
14015,2014,2,4,30.1,1,Y
14015,2014,2,5,30.5,1,Y
14015,2014,2,6,29.4,1,Y
14015,2014,2,7,31.3,1,Y
14015,2014,2,8,32,1,Y
14015,2014,2,9,33.4,1,Y
14015,2014,2,10,32.4,1,Y
14015,2014,2,11,32.5,1,Y
14015,2014,2,12,31.8,1,Y
14015,2014,2,13,31.9,1,Y
14015,2014,2,14,31.9,1,Y
14015,2014,2,15,31.9,1,Y
14015,2014,2,16,30.3,1,Y
14015,2014,2,17,29.5,1,Y
14015,2014,2,18,27.3,1,Y
14015,2014,2,19,30.6,1,Y
14015,2014,2,20,31.9,1,Y
14015,2014,2,21,31.3,1,Y
14015,2014,2,22,33.7,1,Y
14015,2014,2,23,32.4,1,Y
14015,2014,2,24,32.1,1,Y
14015,2014,2,25,31.8,1,Y
14015,2014,2,26,31.6,1,Y
14015,2014,2,27,30.9,1,Y
14015,2014,2,28,31.4,1,Y
14015,2014,3,1,31.2,1,N
14015,2014,3,2,33.3,1,N
14015,2014,3,3,33.3,1,N
14015,2014,3,4,32.4,1,N
14015,2014,3,5,33.4,1,N
14015,2014,3,6,32.4,1,N
14015,2014,3,7,31.6,1,N
14015,2014,3,8,31.7,1,N
14015,2014,3,9,32.5,1,N
14015,2014,3,10,32.4,1,N
14015,2014,3,11,32.7,1,N
14015,2014,3,12,31.6,1,N
14015,2014,3,13,32.4,1,N
14015,2014,3,14,32.2,1,N
14015,2014,3,15,33.1,1,N
14015,2014,3,16,33,1,N
14015,2014,3,17,34,1,N
14015,2014,3,18,31.7,1,N
14015,2014,3,19,33.8,1,N
14015,2014,3,20,32.5,1,N
14015,2014,3,21,33.6,1,N
14015,2014,3,22,32.2,1,N
14015,2014,3,23,34.4,1,N
14015,2014,3,24,33.1,1,N
14015,2014,3,25,33.2,1,N
14015,2014,3,26,32.9,1,N
14015,2014,3,27,34.1,1,N
14015,2014,3,28,34.1,1,N
14015,2014,3,29,33.4,1,N
14015,2014,3,30,34.3,1,N
14015,2014,3,31,35.8,1,N
14015,2014,4,1,34.2,1,N
14015,2014,4,2,33.2,1,N
14015,2014,4,3,33.1,1,N
14015,2014,4,4,32.6,1,N
14015,2014,4,5,33,1,N
14015,2014,4,6,32.7,1,N
14015,2014,4,7,32.2,1,N
14015,2014,4,8,31.7,1,N
14015,2014,4,9,31.9,1,N
14015,2014,4,10,32.2,1,N
14015,2014,4,11,32.5,1,N
14015,2014,4,12,33.8,1,N
14015,2014,4,13,34.2,1,N
14015,2014,4,14,32.9,1,N
14015,2014,4,15,33.2,1,N
14015,2014,4,16,34,1,N
14015,2014,4,17,32.3,1,N
14015,2014,4,18,32.5,1,N
14015,2014,4,19,33.1,1,N
14015,2014,4,20,32.7,1,N
14015,2014,4,21,33.1,1,N
14015,2014,4,22,33.7,1,N
14015,2014,4,23,34.1,1,N
14015,2014,4,24,34.2,1,N
14015,2014,4,25,32.2,1,N
14015,2014,4,26,33.3,1,N
14015,2014,4,27,33.4,1,N
14015,2014,4,28,30.2,1,N
14015,2014,4,29,32.8,1,N
14015,2014,4,30,33.9,1,N
14015,2014,5,1,33,1,N
14015,2014,5,2,32.4,1,N
14015,2014,5,3,32,1,N
14015,2014,5,4,30.5,1,N
14015,2014,5,5,31.2,1,N
14015,2014,5,6,30.6,1,N
14015,2014,5,7,31.5,1,N
14015,2014,5,8,32.7,1,N
14015,2014,5,9,33.1,1,N
14015,2014,5,10,32.8,1,N
14015,2014,5,11,33,1,N
14015,2014,5,12,33.6,1,N
14015,2014,5,13,32.9,1,N
14015,2014,5,14,33.3,1,N
14015,2014,5,15,32.5,1,N
14015,2014,5,16,32.7,1,N
14015,2014,5,17,33.4,1,N
14015,2014,5,18,33.1,1,N
14015,2014,5,19,31.2,1,N
14015,2014,5,20,32.3,1,N
14015,2014,5,21,32.9,1,N
14015,2014,5,22,32.9,1,N
14015,2014,5,23,33.4,1,N
14015,2014,5,24,33.5,1,N
14015,2014,5,25,33.6,1,N
14015,2014,5,26,33.7,1,N
14015,2014,5,27,33.2,1,N
14015,2014,5,28,32.4,1,N
14015,2014,5,29,33.1,1,N
14015,2014,5,30,32.9,1,N
14015,2014,5,31,32.9,1,N
14015,2014,6,1,33.3,1,N
14015,2014,6,2,33,1,N
14015,2014,6,3,32.9,1,N
14015,2014,6,4,32.5,1,N
14015,2014,6,5,33,1,N
14015,2014,6,6,33.7,1,N
14015,2014,6,7,32.6,1,N
14015,2014,6,8,31.4,1,N
14015,2014,6,9,30.2,1,N
14015,2014,6,10,29.7,1,N
14015,2014,6,11,30,1,N
14015,2014,6,12,30.4,1,N
14015,2014,6,13,31.2,1,N
14015,2014,6,14,30.9,1,N
14015,2014,6,15,29.1,1,N
14015,2014,6,16,28.2,1,N
14015,2014,6,17,29.7,1,N
14015,2014,6,18,31.6,1,N
14015,2014,6,19,31.3,1,N
14015,2014,6,20,32.7,1,N
14015,2014,6,21,32.9,1,N
14015,2014,6,22,32,1,N
14015,2014,6,23,31.6,1,N
14015,2014,6,24,30.6,1,N
14015,2014,6,25,29.9,1,N
14015,2014,6,26,29.6,1,N
14015,2014,6,27,30.6,1,N
14015,2014,6,28,30.3,1,N
14015,2014,6,29,31.1,1,N
14015,2014,6,30,29.2,1,N
14015,2014,7,1,28.2,1,N
14015,2014,7,2,28.4,1,N
14015,2014,7,3,29.4,1,N
14015,2014,7,4,30.2,1,N
14015,2014,7,5,31.2,1,N
14015,2014,7,6,31.1,1,N
14015,2014,7,7,30.5,1,N
14015,2014,7,8,28.9,1,N
14015,2014,7,9,30.7,1,N
14015,2014,7,10,30.2,1,N
14015,2014,7,11,30.1,1,N
3003,2014,1,1,32.5,1,Y
3003,2014,1,2,33.4,1,Y
3003,2014,1,3,34.6,1,Y
3003,2014,1,4,34.6,1,Y
3003,2014,1,5,40.4,1,Y
3003,2014,1,6,34.4,1,Y
3003,2014,1,7,33.9,1,Y
3003,2014,1,8,35.8,1,Y
3003,2014,1,9,33.6,1,Y
3003,2014,1,10,33.6,1,Y
3003,2014,1,11,33.5,1,Y
3003,2014,1,12,33.5,1,Y
3003,2014,1,13,33.3,1,Y
3003,2014,1,14,34.3,1,Y
3003,2014,1,15,34.1,1,Y
3003,2014,1,16,33.9,1,Y
3003,2014,1,17,33.3,1,Y
3003,2014,1,18,31.4,1,Y
3003,2014,1,19,30.9,1,Y
3003,2014,1,20,31,1,Y
3003,2014,1,21,31.5,1,Y
3003,2014,1,22,31.1,1,Y
3003,2014,1,23,31.6,1,Y
3003,2014,1,24,31.9,1,Y
3003,2014,1,25,32.3,1,Y
3003,2014,1,26,32.7,1,Y
3003,2014,1,27,33.4,1,Y
3003,2014,1,28,33.1,1,Y
3003,2014,1,29,33.8,1,Y
3003,2014,1,30,34.1,1,Y
3003,2014,1,31,35.3,1,Y
3003,2014,2,1,33.7,1,N
3003,2014,2,2,33.6,1,N
3003,2014,2,3,32.6,1,N
3003,2014,2,4,33.1,1,N
3003,2014,2,5,31.8,1,N
3003,2014,2,6,32.5,1,N
3003,2014,2,7,31.5,1,N
3003,2014,2,8,33,1,N
3003,2014,2,9,33.7,1,N
3003,2014,2,10,29.4,1,N
3003,2014,2,11,30.1,1,N
3003,2014,2,12,31.6,1,N
3003,2014,2,13,31.9,1,N
3003,2014,2,14,31.6,1,N
3003,2014,2,15,32.1,1,N
3003,2014,2,16,32,1,N
3003,2014,2,17,32.4,1,N
3003,2014,2,18,33.5,1,N
3003,2014,2,19,32.5,1,N
3003,2014,2,20,32.6,1,N
3003,2014,2,21,32.9,1,N
3003,2014,2,22,36.6,1,N
3003,2014,2,23,36.6,1,N
3003,2014,2,24,37.4,1,N
3003,2014,2,25,35.8,1,N
3003,2014,2,26,35.1,1,N
3003,2014,2,27,35,1,N
3003,2014,2,28,37.6,1,N
3003,2014,3,1,38,1,N
3003,2014,3,2,38.1,1,N
3003,2014,3,3,38.6,1,N
3003,2014,3,4,38.2,1,N
3003,2014,3,5,38.5,1,N
3003,2014,3,6,34.5,1,N
3003,2014,3,7,36,1,N
3003,2014,3,8,33.1,1,N
3003,2014,3,9,32.7,1,N
3003,2014,3,10,33.8,1,N
3003,2014,3,11,35.6,1,N
3003,2014,3,12,34.6,1,N
3003,2014,3,13,38.7,1,N
3003,2014,3,14,35.6,1,N
3003,2014,3,15,34.4,1,N
3003,2014,3,16,34.4,1,N
3003,2014,3,17,35.4,1,N
3003,2014,3,18,34,1,N
3003,2014,3,19,37.7,1,N
3003,2014,3,20,38.5,1,N
3003,2014,3,21,36.1,1,N
3003,2014,3,22,34.1,1,N
3003,2014,3,23,35.7,1,N
3003,2014,3,24,34.6,1,N
3003,2014,3,25,36.5,1,N
3003,2014,3,26,32.6,1,N
3003,2014,3,27,36.7,1,N
3003,2014,3,28,37,1,N
3003,2014,3,29,33.8,1,N
3003,2014,3,30,34.6,1,N
3003,2014,3,31,35,1,N
3003,2014,4,1,35.1,1,N
3003,2014,4,2,34.7,1,N
3003,2014,4,3,38.2,1,N
3003,2014,4,4,38.6,1,N
3003,2014,4,5,33.4,1,N
3003,2014,4,6,33,1,N
3003,2014,4,7,33.1,1,N
3003,2014,4,8,31.8,1,N
3003,2014,4,9,32.1,1,N
3003,2014,4,10,32.6,1,N
3003,2014,4,11,33.6,1,N
3003,2014,4,12,35.7,1,N
3003,2014,4,13,34.9,1,N
3003,2014,4,14,33.9,1,N
3003,2014,4,15,33.6,1,N
3003,2014,4,16,34.2,1,N
3003,2014,4,17,35.1,1,N
3003,2014,4,18,35.7,1,N
3003,2014,4,19,35.8,1,N
3003,2014,4,20,35.8,1,N
3003,2014,4,21,35.1,1,N
3003,2014,4,22,35.6,1,N
3003,2014,4,23,36.5,1,N
3003,2014,4,24,36.7,1,N
3003,2014,4,25,34.9,1,N
3003,2014,4,26,32.5,1,N
3003,2014,4,27,32.3,1,N
3003,2014,4,28,33.4,1,N
3003,2014,4,29,37.1,1,N
3003,2014,4,30,34.1,1,N
3003,2014,5,1,34,1,N
3003,2014,5,2,34.9,1,N
3003,2014,5,3,31.9,1,N
3003,2014,5,4,33,1,N
3003,2014,5,5,32.5,1,N
3003,2014,5,6,31.8,1,N
3003,2014,5,7,34.9,1,N
3003,2014,5,8,32.1,1,N
3003,2014,5,9,32.1,1,N
3003,2014,5,10,35.2,1,N
3003,2014,5,11,35.8,1,N
3003,2014,5,12,35.7,1,N
3003,2014,5,13,33.5,1,N
3003,2014,5,14,35.1,1,N
3003,2014,5,15,33.6,1,N
3003,2014,5,16,31.3,1,N
3003,2014,5,17,32.2,1,N
3003,2014,5,18,31.6,1,N
3003,2014,5,19,34.6,1,N
3003,2014,5,20,32.7,1,N
3003,2014,5,21,31.5,1,N
3003,2014,5,22,33.1,1,N
3003,2014,5,23,34.7,1,N
3003,2014,5,24,32.8,1,N
3003,2014,5,25,31.4,1,N
3003,2014,5,26,32.3,1,N
3003,2014,5,27,32.9,1,N
3003,2014,5,28,31.9,1,N
3003,2014,5,29,31.9,1,N
3003,2014,5,30,33.4,1,N
3003,2014,5,31,32.1,1,N
3003,2014,6,1,32.8,1,N
3003,2014,6,2,33.5,1,N
3003,2014,6,3,34,1,N
3003,2014,6,4,31.7,1,N
3003,2014,6,5,31.2,1,N
3003,2014,6,6,30.6,1,N
3003,2014,6,7,31.6,1,N
3003,2014,6,8,30.9,1,N
3003,2014,6,9,30.2,1,N
3003,2014,6,10,30,1,N
3003,2014,6,11,29.9,1,N
3003,2014,6,12,27.3,1,N
3003,2014,6,13,25.5,1,N
3003,2014,6,14,27.1,1,N
3003,2014,6,15,26.7,1,N
3003,2014,6,16,27,1,N
3003,2014,6,17,27.3,1,N
3003,2014,6,18,28.6,1,N
3003,2014,6,19,29.7,1,N
3003,2014,6,20,31.4,1,N
3003,2014,6,21,33.8,1,N
3003,2014,6,22,32.3,1,N
3003,2014,6,23,33.3,1,N
3003,2014,6,24,30,1,N
3003,2014,6,25,31.8,1,N
3003,2014,6,26,31.5,1,N
3003,2014,6,27,30,1,N
3003,2014,6,28,27.6,1,N
3003,2014,6,29,27.6,1,N
3003,2014,6,30,28.9,1,N
3003,2014,7,1,27.2,1,N
3003,2014,7,2,27.3,1,N
3003,2014,7,3,28.1,1,N
3003,2014,7,4,29.5,1,N
3003,2014,7,5,29.9,1,N
3003,2014,7,6,30.4,1,N
3003,2014,7,7,30,1,N
3003,2014,7,8,28.8,1,N
3003,2014,7,9,28.3,1,N
3003,2014,7,10,28.2,1,N
3003,2014,7,11,29,1,N
9021,2014,1,1,26.8,1,Y
9021,2014,1,2,25.8,1,Y
9021,2014,1,3,28.1,1,Y
9021,2014,1,4,28.6,1,Y
9021,2014,1,5,32.5,1,Y
9021,2014,1,6,39,1,Y
9021,2014,1,7,27,1,Y
9021,2014,1,8,29.7,1,Y
9021,2014,1,9,30.1,1,Y
9021,2014,1,10,35.7,1,Y
9021,2014,1,11,43.5,1,Y
9021,2014,1,12,43,1,Y
9021,2014,1,13,28.6,1,Y
9021,2014,1,14,27.8,1,Y
9021,2014,1,15,26.2,1,Y
9021,2014,1,16,25.9,1,Y
9021,2014,1,17,32.6,1,Y
9021,2014,1,18,38.2,1,Y
9021,2014,1,19,40,1,Y
9021,2014,1,20,38.7,1,Y
9021,2014,1,21,37.9,1,Y
9021,2014,1,22,37.1,1,Y
9021,2014,1,23,37.2,1,Y
9021,2014,1,24,32.7,1,Y
9021,2014,1,25,37.2,1,Y
9021,2014,1,26,32.3,1,Y
9021,2014,1,27,26.9,1,Y
9021,2014,1,28,31.6,1,Y
9021,2014,1,29,34.2,1,Y
9021,2014,1,30,35.5,1,Y
9021,2014,1,31,30.3,1,Y
9021,2014,2,1,29.9,1,N
9021,2014,2,2,32.3,1,N
9021,2014,2,3,33.9,1,N
9021,2014,2,4,37.9,1,N
9021,2014,2,5,33.3,1,N
9021,2014,2,6,33.3,1,N
9021,2014,2,7,31.5,1,N
9021,2014,2,8,30.7,1,N
9021,2014,2,9,33.7,1,N
9021,2014,2,10,31.5,1,N
9021,2014,2,11,33.2,1,N
9021,2014,2,12,33.7,1,N
9021,2014,2,13,35,1,N
9021,2014,2,14,32.4,1,N
9021,2014,2,15,32.2,1,N
9021,2014,2,16,31.3,1,N
9021,2014,2,17,34.1,1,N
9021,2014,2,18,35.4,1,N
9021,2014,2,19,36.7,1,N
9021,2014,2,20,37.3,1,N
9021,2014,2,21,35,1,N
9021,2014,2,22,35,1,N
9021,2014,2,23,35.5,1,N
9021,2014,2,24,34.9,1,N
9021,2014,2,25,32.3,1,N
9021,2014,2,26,30.5,1,N
9021,2014,2,27,34.9,1,N
9021,2014,2,28,36.7,1,N
9021,2014,3,1,38.2,1,N
9021,2014,3,2,37.9,1,N
9021,2014,3,3,31.8,1,N
9021,2014,3,4,32.5,1,N
9021,2014,3,5,32.3,1,N
9021,2014,3,6,35.6,1,N
9021,2014,3,7,37.9,1,N
9021,2014,3,8,26.7,1,N
9021,2014,3,9,26.5,1,N
9021,2014,3,10,29.3,1,N
9021,2014,3,11,33.6,1,N
9021,2014,3,12,37.7,1,N
9021,2014,3,13,27.8,1,N
9021,2014,3,14,26.3,1,N
9021,2014,3,15,24.9,1,N
9021,2014,3,16,27.1,1,N
9021,2014,3,17,29.8,1,N
9021,2014,3,18,31.4,1,N
9021,2014,3,19,32.4,1,N
9021,2014,3,20,31.4,1,N
9021,2014,3,21,28.4,1,N
9021,2014,3,22,31.7,1,N
9021,2014,3,23,34.1,1,N
9021,2014,3,24,34.7,1,N
9021,2014,3,25,28.6,1,N
9021,2014,3,26,31.1,1,N
9021,2014,3,27,29.6,1,N
9021,2014,3,28,33.9,1,N
9021,2014,3,29,24.9,1,N
9021,2014,3,30,22.4,1,N
9021,2014,3,31,23.4,1,N
9021,2014,4,1,24.9,1,N
9021,2014,4,2,25.6,1,N
9021,2014,4,3,27.6,1,N
9021,2014,4,4,30.2,1,N
9021,2014,4,5,31.5,1,N
9021,2014,4,6,26.5,1,N
9021,2014,4,7,25.6,1,N
9021,2014,4,8,30,1,N
9021,2014,4,9,31.4,1,N
9021,2014,4,10,32.6,1,N
9021,2014,4,11,35,1,N
9021,2014,4,12,32.9,1,N
9021,2014,4,13,34,1,N
9021,2014,4,14,31.1,1,N
9021,2014,4,15,25.6,1,N
9021,2014,4,16,25.5,1,N
9021,2014,4,17,26,1,N
9021,2014,4,18,28.3,1,N
9021,2014,4,19,26.2,1,N
9021,2014,4,20,24.9,1,N
9021,2014,4,21,23.6,1,N
9021,2014,4,22,24.3,1,N
9021,2014,4,23,26.8,1,N
9021,2014,4,24,24.5,1,N
9021,2014,4,25,25.3,1,N
9021,2014,4,26,22.8,1,N
9021,2014,4,27,23.8,1,N
9021,2014,4,28,19.4,1,N
9021,2014,4,29,20,1,N
9021,2014,4,30,22.2,1,N
9021,2014,5,1,22.3,1,N
9021,2014,5,2,20.8,1,N
9021,2014,5,3,23.4,1,N
9021,2014,5,4,22.3,1,N
9021,2014,5,5,20.3,1,N
9021,2014,5,6,22.5,1,N
9021,2014,5,7,21.6,1,N
9021,2014,5,8,19.1,1,N
9021,2014,5,9,22.2,1,N
9021,2014,5,10,21.4,1,N
9021,2014,5,11,24.4,1,N
9021,2014,5,12,23.5,1,N
9021,2014,5,13,22,1,N
9021,2014,5,14,21.6,1,N
9021,2014,5,15,22.4,1,N
9021,2014,5,16,23.1,1,N
9021,2014,5,17,22.8,1,N
9021,2014,5,18,21.3,1,N
9021,2014,5,19,21.8,1,N
9021,2014,5,20,23.4,1,N
9021,2014,5,21,20.7,1,N
9021,2014,5,22,22.1,1,N
9021,2014,5,23,21,1,N
9021,2014,5,24,20.2,1,N
9021,2014,5,25,20.2,1,N
9021,2014,5,26,20,1,N
9021,2014,5,27,19.6,1,N
9021,2014,5,28,19.2,1,N
9021,2014,5,29,20.3,1,N
9021,2014,5,30,18.2,1,N
9021,2014,5,31,16.7,1,N
9021,2014,6,1,21.4,1,N
9021,2014,6,2,21.9,1,N
9021,2014,6,3,22.3,1,N
9021,2014,6,4,23.2,1,N
9021,2014,6,5,24.9,1,N
9021,2014,6,6,23.6,1,N
9021,2014,6,7,20.6,1,N
9021,2014,6,8,20,1,N
9021,2014,6,9,23.7,1,N
9021,2014,6,10,17.8,1,N
9021,2014,6,11,17.8,1,N
9021,2014,6,12,18.5,1,N
9021,2014,6,13,17.5,1,N
9021,2014,6,14,18.2,1,N
9021,2014,6,15,19.8,1,N
9021,2014,6,16,21.7,1,N
9021,2014,6,17,18.3,1,N
9021,2014,6,18,18,1,N
9021,2014,6,19,17.8,1,N
9021,2014,6,20,19.7,1,N
9021,2014,6,21,19.5,1,N
9021,2014,6,22,16.3,1,N
9021,2014,6,23,16,1,N
9021,2014,6,24,17.8,1,N
9021,2014,6,25,19.9,1,N
9021,2014,6,26,20,1,N
9021,2014,6,27,17.6,1,N
9021,2014,6,28,15.5,1,N
9021,2014,6,29,16.7,1,N
9021,2014,6,30,21.9,1,N
9021,2014,7,1,22.6,1,N
9021,2014,7,2,19.3,1,N
9021,2014,7,3,15.7,1,N
9021,2014,7,4,20.7,1,N
9021,2014,7,5,22.4,1,N
9021,2014,7,6,19.6,1,N
9021,2014,7,7,17.5,1,N
9021,2014,7,8,16.5,1,N
9021,2014,7,9,15.7,1,N
9021,2014,7,10,17.7,1,N
9021,2014,7,11,19.1,1,N
40913,2014,1,1,30.6,1,N
40913,2014,1,2,31.8,1,N
40913,2014,1,3,34.5,1,N
40913,2014,1,4,38.7,1,N
40913,2014,1,5,33.6,1,N
40913,2014,1,6,34.8,1,N
40913,2014,1,7,31.2,1,N
40913,2014,1,8,29.6,1,N
40913,2014,1,9,28.6,1,N
40913,2014,1,10,27.8,1,N
40913,2014,1,11,29.8,1,N
40913,2014,1,12,30.6,1,N
40913,2014,1,13,29.6,1,N
40913,2014,1,14,30.2,1,N
40913,2014,1,15,30.4,1,N
40913,2014,1,16,30.6,1,N
40913,2014,1,17,30.8,1,N
40913,2014,1,18,30.4,1,N
40913,2014,1,19,31.8,1,N
40913,2014,1,20,33.5,1,N
40913,2014,1,21,32.9,1,N
40913,2014,1,22,35.3,1,N
40913,2014,1,23,30.1,1,N
40913,2014,1,24,29.2,1,N
40913,2014,1,25,28.7,1,N
40913,2014,1,26,28.5,1,N
40913,2014,1,27,28.6,1,N
40913,2014,1,28,26.7,1,N
40913,2014,1,29,27.4,1,N
40913,2014,1,30,28.4,1,N
40913,2014,1,31,26.9,1,N
40913,2014,2,1,28.8,1,N
40913,2014,2,2,30,1,N
40913,2014,2,3,28.7,1,N
40913,2014,2,4,29.7,1,N
40913,2014,2,5,29.9,1,N
40913,2014,2,6,27.4,1,N
40913,2014,2,7,28.6,1,N
40913,2014,2,8,29.2,1,N
40913,2014,2,9,29.1,1,N
40913,2014,2,10,28.8,1,N
40913,2014,2,11,29.2,1,N
40913,2014,2,12,29.8,1,N
40913,2014,2,13,30.8,1,N
40913,2014,2,14,30,1,N
40913,2014,2,15,31.6,1,N
40913,2014,2,16,32.6,1,N
40913,2014,2,17,34.1,1,N
40913,2014,2,18,31.3,1,N
40913,2014,2,19,31.9,1,N
40913,2014,2,20,33.4,1,N
40913,2014,2,21,34,1,N
40913,2014,2,22,27.4,1,N
40913,2014,2,23,30.2,1,N
40913,2014,2,24,28.5,1,N
40913,2014,2,25,29.6,1,N
40913,2014,2,26,29.5,1,N
40913,2014,2,27,30.7,1,N
40913,2014,2,28,30.9,1,N
40913,2014,3,1,30.4,1,N
40913,2014,3,2,30.2,1,N
40913,2014,3,3,27.8,1,N
40913,2014,3,4,28.6,1,N
40913,2014,3,5,27.9,1,N
40913,2014,3,6,29.1,1,N
40913,2014,3,7,28.8,1,N
40913,2014,3,8,28.9,1,N
40913,2014,3,9,28.3,1,N
40913,2014,3,10,28.9,1,N
40913,2014,3,11,28.7,1,N
40913,2014,3,12,29.3,1,N
40913,2014,3,13,29.6,1,N
40913,2014,3,14,29,1,N
40913,2014,3,15,30.2,1,N
40913,2014,3,16,32.8,1,N
40913,2014,3,17,31.8,1,N
40913,2014,3,18,32,1,N
40913,2014,3,19,30.6,1,N
40913,2014,3,20,30,1,N
40913,2014,3,21,29,1,N
40913,2014,3,22,29.5,1,N
40913,2014,3,23,31.6,1,N
40913,2014,3,24,28.8,1,N
40913,2014,3,25,26.5,1,N
40913,2014,3,26,27.2,1,N
40913,2014,3,27,23.8,1,N
40913,2014,3,28,28.9,1,N
40913,2014,3,29,32.6,1,N
40913,2014,3,30,25.6,1,N
40913,2014,3,31,29.3,1,N
40913,2014,4,1,29.3,1,N
40913,2014,4,2,29.9,1,N
40913,2014,4,3,29.5,1,N
40913,2014,4,4,29.5,1,N
40913,2014,4,5,30.9,1,N
40913,2014,4,6,31,1,N
40913,2014,4,7,27.8,1,N
40913,2014,4,8,27,1,N
40913,2014,4,9,27.8,1,N
40913,2014,4,10,26.3,1,N
40913,2014,4,11,29.7,1,N
40913,2014,4,12,31.3,1,N
40913,2014,4,13,24.6,1,N
40913,2014,4,14,24.9,1,N
40913,2014,4,15,25.8,1,N
40913,2014,4,16,28.2,1,N
40913,2014,4,17,28,1,N
40913,2014,4,18,28.4,1,N
40913,2014,4,19,28.6,1,N
40913,2014,4,20,28.5,1,N
40913,2014,4,21,29.2,1,N
40913,2014,4,22,27.5,1,N
40913,2014,4,23,28.2,1,N
40913,2014,4,24,29,1,N
40913,2014,4,25,28.9,1,N
40913,2014,4,26,29.1,1,N
40913,2014,4,27,29.4,1,N
40913,2014,4,28,24.6,1,N
40913,2014,4,29,26,1,N
40913,2014,4,30,27.1,1,N
40913,2014,5,1,27.4,1,N
40913,2014,5,2,23.5,1,N
40913,2014,5,3,21.1,1,N
40913,2014,5,4,,,
40913,2014,5,5,22.5,1,N
40913,2014,5,6,22.4,1,N
40913,2014,5,7,23.7,1,N
40913,2014,5,8,24.2,1,N
40913,2014,5,9,24.7,1,N
40913,2014,5,10,24,1,N
40913,2014,5,11,25.4,1,N
40913,2014,5,12,24.7,1,N
40913,2014,5,13,24.8,1,N
40913,2014,5,14,23.2,1,N
40913,2014,5,15,24.8,1,N
40913,2014,5,16,23,1,N
40913,2014,5,17,24.6,1,N
40913,2014,5,18,25.1,1,N
40913,2014,5,19,24.7,1,N
40913,2014,5,20,24.7,1,N
40913,2014,5,21,25.1,1,N
40913,2014,5,22,26.1,1,N
40913,2014,5,23,26.6,1,N
40913,2014,5,24,27,1,N
40913,2014,5,25,28.4,1,N
40913,2014,5,26,28.4,1,N
40913,2014,5,27,26.9,1,N
40913,2014,5,28,27.9,1,N
40913,2014,5,29,28.6,1,N
40913,2014,5,30,24.9,1,N
40913,2014,5,31,23.4,1,N
40913,2014,6,1,24.8,1,N
40913,2014,6,2,25.8,1,N
40913,2014,6,3,24.6,1,N
40913,2014,6,4,25.8,1,N
40913,2014,6,5,26.1,1,N
40913,2014,6,6,25.9,1,N
40913,2014,6,7,24.4,1,N
40913,2014,6,8,23.3,1,N
40913,2014,6,9,22.4,1,N
40913,2014,6,10,23.9,1,N
40913,2014,6,11,22.8,1,N
40913,2014,6,12,23.6,1,N
40913,2014,6,13,24.1,1,N
40913,2014,6,14,21,1,N
40913,2014,6,15,20.6,1,N
40913,2014,6,16,21.6,1,N
40913,2014,6,17,22.9,1,N
40913,2014,6,18,24.3,1,N
40913,2014,6,19,20.3,1,N
40913,2014,6,20,22.5,1,N
40913,2014,6,21,25.6,1,N
40913,2014,6,22,24.2,1,N
40913,2014,6,23,24.1,1,N
40913,2014,6,24,20.9,1,N
40913,2014,6,25,21.8,1,N
40913,2014,6,26,24.2,1,N
40913,2014,6,27,23.6,1,N
40913,2014,6,28,24.9,1,N
40913,2014,6,29,19.9,1,N
40913,2014,6,30,19.1,1,N
40913,2014,7,1,19.8,1,N
40913,2014,7,2,21.2,1,N
40913,2014,7,3,22.6,1,N
40913,2014,7,4,23.9,1,N
40913,2014,7,5,24.4,1,N
40913,2014,7,6,20.5,1,N
40913,2014,7,7,19.9,1,N
40913,2014,7,8,21.7,1,N
40913,2014,7,9,23.4,1,N
40913,2014,7,10,20,1,N
40913,2014,7,11,22.4,1,N
66037,2014,1,1,28.1,1,N
66037,2014,1,2,36.8,1,N
66037,2014,1,3,28.3,1,N
66037,2014,1,4,26.3,1,N
66037,2014,1,5,29,1,N
66037,2014,1,6,30.6,1,N
66037,2014,1,7,22.4,1,N
66037,2014,1,8,22.5,1,N
66037,2014,1,9,24,1,N
66037,2014,1,10,27.8,1,N
66037,2014,1,11,31.9,1,N
66037,2014,1,12,27.9,1,N
66037,2014,1,13,26.1,1,N
66037,2014,1,14,29.7,1,N
66037,2014,1,15,31.3,1,N
66037,2014,1,16,30.8,1,N
66037,2014,1,17,30.8,1,N
66037,2014,1,18,31.8,1,N
66037,2014,1,19,25.5,1,N
66037,2014,1,20,26.2,1,N
66037,2014,1,21,25.4,1,N
66037,2014,1,22,23.5,1,N
66037,2014,1,23,26,1,N
66037,2014,1,24,28.4,1,N
66037,2014,1,25,22.9,1,N
66037,2014,1,26,22.8,1,N
66037,2014,1,27,27.3,1,N
66037,2014,1,28,28.7,1,N
66037,2014,1,29,30.9,1,N
66037,2014,1,30,30.4,1,N
66037,2014,1,31,30.5,1,N
66037,2014,2,1,27.8,1,N
66037,2014,2,2,29.7,1,N
66037,2014,2,3,30.1,1,N
66037,2014,2,4,25.4,1,N
66037,2014,2,5,23.6,1,N
66037,2014,2,6,24.3,1,N
66037,2014,2,7,27.7,1,N
66037,2014,2,8,29.8,1,N
66037,2014,2,9,30.7,1,N
66037,2014,2,10,23.5,1,N
66037,2014,2,11,26,1,N
66037,2014,2,12,28,1,N
66037,2014,2,13,29.8,1,N
66037,2014,2,14,25.7,1,N
66037,2014,2,15,27.1,1,N
66037,2014,2,16,24.4,1,N
66037,2014,2,17,25.3,1,N
66037,2014,2,18,25.1,1,N
66037,2014,2,19,29.3,1,N
66037,2014,2,20,27.8,1,N
66037,2014,2,21,25.5,1,N
66037,2014,2,22,24.3,1,N
66037,2014,2,23,24.4,1,N
66037,2014,2,24,27,1,N
66037,2014,2,25,28.9,1,N
66037,2014,2,26,34.9,1,N
66037,2014,2,27,21.8,1,N
66037,2014,2,28,21.9,1,N
66037,2014,3,1,23.8,1,N
66037,2014,3,2,23.8,1,N
66037,2014,3,3,24.9,1,N
66037,2014,3,4,26.3,1,N
66037,2014,3,5,30.7,1,N
66037,2014,3,6,24.3,1,N
66037,2014,3,7,28.1,1,N
66037,2014,3,8,28.6,1,N
66037,2014,3,9,28.2,1,N
66037,2014,3,10,29.5,1,N
66037,2014,3,11,28.7,1,N
66037,2014,3,12,28.6,1,N
66037,2014,3,13,24.7,1,N
66037,2014,3,14,28.6,1,N
66037,2014,3,15,28.3,1,N
66037,2014,3,16,29.3,1,N
66037,2014,3,17,28,1,N
66037,2014,3,18,30.8,1,N
66037,2014,3,19,25.5,1,N
66037,2014,3,20,27.3,1,N
66037,2014,3,21,28.2,1,N
66037,2014,3,22,30,1,N
66037,2014,3,23,29.1,1,N
66037,2014,3,24,22.6,1,N
66037,2014,3,25,25.4,1,N
66037,2014,3,26,25.6,1,N
66037,2014,3,27,23.3,1,N
66037,2014,3,28,25.4,1,N
66037,2014,3,29,23.5,1,N
66037,2014,3,30,25.1,1,N
66037,2014,3,31,24.9,1,N
66037,2014,4,1,28.5,1,Y
66037,2014,4,2,28.1,1,Y
66037,2014,4,3,28.9,1,Y
66037,2014,4,4,21.5,1,Y
66037,2014,4,5,23.3,1,Y
66037,2014,4,6,21.3,1,Y
66037,2014,4,7,22,1,Y
66037,2014,4,8,23.4,1,Y
66037,2014,4,9,24.7,1,Y
66037,2014,4,10,24,1,Y
66037,2014,4,11,27.1,1,Y
66037,2014,4,12,21.1,1,Y
66037,2014,4,13,20.7,1,Y
66037,2014,4,14,19.1,1,Y
66037,2014,4,15,20.7,1,Y
66037,2014,4,16,20.8,1,Y
66037,2014,4,17,21.1,1,Y
66037,2014,4,18,26.6,1,Y
66037,2014,4,19,19.6,1,Y
66037,2014,4,20,24,1,Y
66037,2014,4,21,23.7,1,Y
66037,2014,4,22,25.4,1,Y
66037,2014,4,23,24.1,1,Y
66037,2014,4,24,30.1,1,Y
66037,2014,4,25,21.9,1,Y
66037,2014,4,26,24.8,1,Y
66037,2014,4,27,19.1,1,Y
66037,2014,4,28,22.3,1,Y
66037,2014,4,29,26.4,1,Y
66037,2014,4,30,23.9,1,Y
66037,2014,5,1,19.8,1,N
66037,2014,5,2,22.7,1,N
66037,2014,5,3,16.1,1,N
66037,2014,5,4,20.3,1,N
66037,2014,5,5,21,1,N
66037,2014,5,6,20.2,1,N
66037,2014,5,7,18,1,N
66037,2014,5,8,18.2,1,N
66037,2014,5,9,20.4,1,N
66037,2014,5,10,24.4,1,N
66037,2014,5,11,22.3,1,N
66037,2014,5,12,20.2,1,N
66037,2014,5,13,21.5,1,N
66037,2014,5,14,23.2,1,N
66037,2014,5,15,23.4,1,N
66037,2014,5,16,25.4,1,N
66037,2014,5,17,25.7,1,N
66037,2014,5,18,24.2,1,N
66037,2014,5,19,26.2,1,N
66037,2014,5,20,25.6,1,N
66037,2014,5,21,21.7,1,N
66037,2014,5,22,26.5,1,N
66037,2014,5,23,26.5,1,N
66037,2014,5,24,25.1,1,N
66037,2014,5,25,25.6,1,N
66037,2014,5,26,25.1,1,N
66037,2014,5,27,25.2,1,N
66037,2014,5,28,25.2,1,N
66037,2014,5,29,20,1,N
66037,2014,5,30,19.1,1,N
66037,2014,5,31,21.9,1,N
66037,2014,6,1,21.7,1,N
66037,2014,6,2,22.5,1,N
66037,2014,6,3,20.8,1,N
66037,2014,6,4,21,1,N
66037,2014,6,5,17.6,1,N
66037,2014,6,6,16.4,1,N
66037,2014,6,7,17.5,1,N
66037,2014,6,8,16.6,1,N
66037,2014,6,9,18.5,1,N
66037,2014,6,10,18.5,1,N
66037,2014,6,11,18.9,1,N
66037,2014,6,12,20.9,1,N
66037,2014,6,13,21.3,1,N
66037,2014,6,14,20.6,1,N
66037,2014,6,15,17,1,N
66037,2014,6,16,20.5,1,N
66037,2014,6,17,18.3,1,N
66037,2014,6,18,17.9,1,N
66037,2014,6,19,21.2,1,N
66037,2014,6,20,22.3,1,N
66037,2014,6,21,20.3,1,N
66037,2014,6,22,18.5,1,N
66037,2014,6,23,18,1,N
66037,2014,6,24,17.5,1,N
66037,2014,6,25,18.7,1,N
66037,2014,6,26,22,1,N
66037,2014,6,27,21,1,N
66037,2014,6,28,23.2,1,N
66037,2014,6,29,17.4,1,N
66037,2014,6,30,16.6,1,N
66037,2014,7,1,18.1,1,N
66037,2014,7,2,18,1,N
66037,2014,7,3,17.9,1,N
66037,2014,7,4,22.2,1,N
66037,2014,7,5,18.2,1,N
66037,2014,7,6,18,1,N
66037,2014,7,7,19.1,1,N
66037,2014,7,8,18.8,1,N
66037,2014,7,9,21.7,1,N
66037,2014,7,10,17.7,1,N
66037,2014,7,11,19.1,1,N
23034,2014,1,1,31.3,1,N
23034,2014,1,2,23.1,1,N
23034,2014,1,3,21.8,1,N
23034,2014,1,4,21.8,1,N
23034,2014,1,5,21.7,1,N
23034,2014,1,6,21.7,1,N
23034,2014,1,7,24.1,1,N
23034,2014,1,8,25.4,1,N
23034,2014,1,9,27.2,1,N
23034,2014,1,10,33,1,N
23034,2014,1,11,30.5,1,N
23034,2014,1,12,35,1,N
23034,2014,1,13,38.2,1,N
23034,2014,1,14,43.3,1,N
23034,2014,1,15,42.3,1,N
23034,2014,1,16,41.7,1,N
23034,2014,1,17,40.3,1,N
23034,2014,1,18,29.6,1,N
23034,2014,1,19,27.9,1,N
23034,2014,1,20,29,1,N
23034,2014,1,21,26.6,1,N
23034,2014,1,22,27.8,1,N
23034,2014,1,23,28.7,1,N
23034,2014,1,24,24.9,1,N
23034,2014,1,25,27.5,1,N
23034,2014,1,26,31.3,1,N
23034,2014,1,27,37.5,1,N
23034,2014,1,28,41.4,1,N
23034,2014,1,29,31.1,1,N
23034,2014,1,30,32.2,1,N
23034,2014,1,31,33.3,1,N
23034,2014,2,1,41.3,1,N
23034,2014,2,2,42.3,1,N
23034,2014,2,3,27.2,1,N
23034,2014,2,4,28.1,1,N
23034,2014,2,5,27.9,1,N
23034,2014,2,6,26.8,1,N
23034,2014,2,7,35.7,1,N
23034,2014,2,8,41.3,1,N
23034,2014,2,9,26.1,1,N
23034,2014,2,10,32.5,1,N
23034,2014,2,11,39.2,1,N
23034,2014,2,12,40.3,1,N
23034,2014,2,13,26.6,1,N
23034,2014,2,14,25.1,1,N
23034,2014,2,15,24.8,1,N
23034,2014,2,16,23.4,1,N
23034,2014,2,17,25,1,N
23034,2014,2,18,23,1,N
23034,2014,2,19,20.8,1,N
23034,2014,2,20,20.9,1,N
23034,2014,2,21,21,1,N
23034,2014,2,22,23.3,1,N
23034,2014,2,23,26.2,1,N
23034,2014,2,24,25.4,1,N
23034,2014,2,25,22.1,1,N
23034,2014,2,26,23.7,1,N
23034,2014,2,27,24.9,1,N
23034,2014,2,28,25.1,1,N
23034,2014,3,1,26.4,1,N
23034,2014,3,2,29.1,1,N
23034,2014,3,3,28.5,1,N
23034,2014,3,4,34,1,N
23034,2014,3,5,24.3,1,N
23034,2014,3,6,24.3,1,N
23034,2014,3,7,24.4,1,N
23034,2014,3,8,27.3,1,N
23034,2014,3,9,35.2,1,N
23034,2014,3,10,35,1,N
23034,2014,3,11,31.8,1,N
23034,2014,3,12,22.1,1,N
23034,2014,3,13,22.7,1,N
23034,2014,3,14,27.3,1,N
23034,2014,3,15,22.5,1,N
23034,2014,3,16,21.6,1,N
23034,2014,3,17,23.1,1,N
23034,2014,3,18,23.1,1,N
23034,2014,3,19,22.5,1,N
23034,2014,3,20,30.7,1,N
23034,2014,3,21,21.4,1,N
23034,2014,3,22,21.5,1,N
23034,2014,3,23,20.5,1,N
23034,2014,3,24,22.1,1,N
23034,2014,3,25,20.5,1,N
23034,2014,3,26,26.7,1,N
23034,2014,3,27,26.2,1,N
23034,2014,3,28,23.9,1,N
23034,2014,3,29,23.4,1,N
23034,2014,3,30,32.4,1,N
23034,2014,3,31,32.4,1,N
23034,2014,4,1,35.1,1,N
23034,2014,4,2,22.5,1,N
23034,2014,4,3,22.1,1,N
23034,2014,4,4,21.9,1,N
23034,2014,4,5,21.5,1,N
23034,2014,4,6,23.6,1,N
23034,2014,4,7,28,1,N
23034,2014,4,8,23.1,1,N
23034,2014,4,9,22.1,1,N
23034,2014,4,10,23.5,1,N
23034,2014,4,11,19.5,1,N
23034,2014,4,12,20.9,1,N
23034,2014,4,13,22,1,N
23034,2014,4,14,22.7,1,N
23034,2014,4,15,22.8,1,N
23034,2014,4,16,22.8,1,N
23034,2014,4,17,22.8,1,N
23034,2014,4,18,20.6,1,N
23034,2014,4,19,19.3,1,N
23034,2014,4,20,22.9,1,N
23034,2014,4,21,27.8,1,N
23034,2014,4,22,20.7,1,N
23034,2014,4,23,20.7,1,N
23034,2014,4,24,20.8,1,N
23034,2014,4,25,23.5,1,N
23034,2014,4,26,20.6,1,N
23034,2014,4,27,22.7,1,N
23034,2014,4,28,29.4,1,N
23034,2014,4,29,19.4,1,N
23034,2014,4,30,18.2,1,N
23034,2014,5,1,17.6,1,N
23034,2014,5,2,14.5,1,N
23034,2014,5,3,15.9,1,N
23034,2014,5,4,16.9,1,N
23034,2014,5,5,18.5,1,N
23034,2014,5,6,17.6,1,N
23034,2014,5,7,18.2,1,N
23034,2014,5,8,18,1,N
23034,2014,5,9,15,1,N
23034,2014,5,10,19.8,1,N
23034,2014,5,11,19.3,1,N
23034,2014,5,12,21.5,1,N
23034,2014,5,13,22.4,1,N
23034,2014,5,14,23.8,1,N
23034,2014,5,15,24.2,1,N
23034,2014,5,16,26.2,1,N
23034,2014,5,17,24,1,N
23034,2014,5,18,23.8,1,N
23034,2014,5,19,22.1,1,N
23034,2014,5,20,23.3,1,N
23034,2014,5,21,26.1,1,N
23034,2014,5,22,24.8,1,N
23034,2014,5,23,20.4,1,N
23034,2014,5,24,24.2,1,N
23034,2014,5,25,23.8,1,N
23034,2014,5,26,18.6,1,N
23034,2014,5,27,18.2,1,N
23034,2014,5,28,18.5,1,N
23034,2014,5,29,20.6,1,N
23034,2014,5,30,20.7,1,N
23034,2014,5,31,15.1,1,N
23034,2014,6,1,16.4,1,N
23034,2014,6,2,17.5,1,N
23034,2014,6,3,17.6,1,N
23034,2014,6,4,17.5,1,N
23034,2014,6,5,17.2,1,N
23034,2014,6,6,17.5,1,N
23034,2014,6,7,19.3,1,N
23034,2014,6,8,17.4,1,N
23034,2014,6,9,14.6,1,N
23034,2014,6,10,18.8,1,N
23034,2014,6,11,17.3,1,N
23034,2014,6,12,17.5,1,N
23034,2014,6,13,13.7,1,N
23034,2014,6,14,16.4,1,N
23034,2014,6,15,16.1,1,N
23034,2014,6,16,17.2,1,N
23034,2014,6,17,15.7,1,N
23034,2014,6,18,16.6,1,N
23034,2014,6,19,16.3,1,N
23034,2014,6,20,17,1,N
23034,2014,6,21,16.4,1,N
23034,2014,6,22,17.3,1,N
23034,2014,6,23,14.3,1,N
23034,2014,6,24,16.1,1,N
23034,2014,6,25,16.2,1,N
23034,2014,6,26,15.9,1,N
23034,2014,6,27,17.1,1,N
23034,2014,6,28,13.1,1,N
23034,2014,6,29,14.5,1,N
23034,2014,6,30,15.2,1,N
23034,2014,7,1,15.3,1,N
23034,2014,7,2,16.1,1,N
23034,2014,7,3,15.9,1,N
23034,2014,7,4,15.7,1,N
23034,2014,7,5,14,1,N
23034,2014,7,6,15.4,1,N
23034,2014,7,7,15.3,1,N
23034,2014,7,8,17.6,1,N
23034,2014,7,9,12.6,1,N
23034,2014,7,10,14.3,1,N
23034,2014,7,11,15.5,1,N
86282,2014,1,1,25.1,1,Y
86282,2014,1,2,23.6,1,Y
86282,2014,1,3,23.6,1,Y
86282,2014,1,4,21.1,1,Y
86282,2014,1,5,27.2,1,Y
86282,2014,1,6,19.9,1,Y
86282,2014,1,7,19.1,1,Y
86282,2014,1,8,27.3,1,Y
86282,2014,1,9,32.4,1,Y
86282,2014,1,10,34.9,1,Y
86282,2014,1,11,23.1,1,Y
86282,2014,1,12,24.6,1,Y
86282,2014,1,13,34.6,1,Y
86282,2014,1,14,43.5,1,Y
86282,2014,1,15,42.9,1,Y
86282,2014,1,16,43.1,1,Y
86282,2014,1,17,43.9,1,Y
86282,2014,1,18,25.7,1,Y
86282,2014,1,19,23.1,1,Y
86282,2014,1,20,24.7,1,Y
86282,2014,1,21,22.6,1,Y
86282,2014,1,22,23.4,1,Y
86282,2014,1,23,33.7,1,Y
86282,2014,1,24,22.8,1,Y
86282,2014,1,25,20.3,1,Y
86282,2014,1,26,28.2,1,Y
86282,2014,1,27,35.5,1,Y
86282,2014,1,28,42.1,1,Y
86282,2014,1,29,23.7,1,Y
86282,2014,1,30,31.1,1,Y
86282,2014,1,31,28.1,1,Y
86282,2014,2,1,33.7,1,N
86282,2014,2,2,40.5,1,N
86282,2014,2,3,37.5,1,N
86282,2014,2,4,25,1,N
86282,2014,2,5,30.9,1,N
86282,2014,2,6,35.3,1,N
86282,2014,2,7,37.9,1,N
86282,2014,2,8,42.2,1,N
86282,2014,2,9,41.2,1,N
86282,2014,2,10,23.7,1,N
86282,2014,2,11,27.3,1,N
86282,2014,2,12,28.1,1,N
86282,2014,2,13,26.4,1,N
86282,2014,2,14,27,1,N
86282,2014,2,15,28.2,1,N
86282,2014,2,16,22.9,1,N
86282,2014,2,17,25.7,1,N
86282,2014,2,18,31.9,1,N
86282,2014,2,19,25.7,1,N
86282,2014,2,20,20.2,1,N
86282,2014,2,21,20.6,1,N
86282,2014,2,22,19.7,1,N
86282,2014,2,23,24.6,1,N
86282,2014,2,24,27.3,1,N
86282,2014,2,25,36.4,1,N
86282,2014,2,26,21.5,1,N
86282,2014,2,27,21.3,1,N
86282,2014,2,28,23.2,1,N
86282,2014,3,1,23.2,1,N
86282,2014,3,2,22.6,1,N
86282,2014,3,3,26.7,1,N
86282,2014,3,4,34.1,1,N
86282,2014,3,5,22.9,1,N
86282,2014,3,6,21,1,N
86282,2014,3,7,22.7,1,N
86282,2014,3,8,27.9,1,N
86282,2014,3,9,33.4,1,N
86282,2014,3,10,35.2,1,N
86282,2014,3,11,32.1,1,N
86282,2014,3,12,21.3,1,N
86282,2014,3,13,23.7,1,N
86282,2014,3,14,28.6,1,N
86282,2014,3,15,30.2,1,N
86282,2014,3,16,20,1,N
86282,2014,3,17,25.3,1,N
86282,2014,3,18,25.1,1,N
86282,2014,3,19,22.1,1,N
86282,2014,3,20,31.1,1,N
86282,2014,3,21,25.7,1,N
86282,2014,3,22,18.4,1,N
86282,2014,3,23,16.8,1,N
86282,2014,3,24,18.3,1,N
86282,2014,3,25,24.3,1,N
86282,2014,3,26,27.3,1,N
86282,2014,3,27,25.9,1,N
86282,2014,3,28,22,1,N
86282,2014,3,29,24.4,1,N
86282,2014,3,30,26.6,1,N
86282,2014,3,31,32,1,N
86282,2014,4,1,33.7,1,Y
86282,2014,4,2,23.6,1,Y
86282,2014,4,3,17.3,1,Y
86282,2014,4,4,18.6,1,Y
86282,2014,4,5,24.3,1,Y
86282,2014,4,6,23.2,1,Y
86282,2014,4,7,25.2,1,Y
86282,2014,4,8,20.9,1,Y
86282,2014,4,9,17.5,1,Y
86282,2014,4,10,18.2,1,Y
86282,2014,4,11,17,1,Y
86282,2014,4,12,20.7,1,Y
86282,2014,4,13,20.4,1,Y
86282,2014,4,14,20.3,1,Y
86282,2014,4,15,19.5,1,Y
86282,2014,4,16,22.6,1,Y
86282,2014,4,17,24.4,1,Y
86282,2014,4,18,18.9,1,Y
86282,2014,4,19,16.2,1,Y
86282,2014,4,20,18.6,1,Y
86282,2014,4,21,19,1,Y
86282,2014,4,22,17.3,1,Y
86282,2014,4,23,18.8,1,Y
86282,2014,4,24,17,1,Y
86282,2014,4,25,20.1,1,Y
86282,2014,4,26,19,1,Y
86282,2014,4,27,16.1,1,Y
86282,2014,4,28,21,1,Y
86282,2014,4,29,18,1,Y
86282,2014,4,30,15.9,1,Y
86282,2014,5,1,15.6,1,N
86282,2014,5,2,13.6,1,N
86282,2014,5,3,15.5,1,N
86282,2014,5,4,12.7,1,N
86282,2014,5,5,16.3,1,N
86282,2014,5,6,14.4,1,N
86282,2014,5,7,14.5,1,N
86282,2014,5,8,17.5,1,N
86282,2014,5,9,16.8,1,N
86282,2014,5,10,16.9,1,N
86282,2014,5,11,18.9,1,N
86282,2014,5,12,18.5,1,N
86282,2014,5,13,20.4,1,N
86282,2014,5,14,20.7,1,N
86282,2014,5,15,21.6,1,N
86282,2014,5,16,23.3,1,N
86282,2014,5,17,18.8,1,N
86282,2014,5,18,21.2,1,N
86282,2014,5,19,22.8,1,N
86282,2014,5,20,22.1,1,N
86282,2014,5,21,23.4,1,N
86282,2014,5,22,20.7,1,N
86282,2014,5,23,20.2,1,N
86282,2014,5,24,17,1,N
86282,2014,5,25,19.5,1,N
86282,2014,5,26,19.4,1,N
86282,2014,5,27,20,1,N
86282,2014,5,28,18.3,1,N
86282,2014,5,29,15,1,N
86282,2014,5,30,17.2,1,N
86282,2014,5,31,18.4,1,N
86282,2014,6,1,14.3,1,N
86282,2014,6,2,15,1,N
86282,2014,6,3,16.3,1,N
86282,2014,6,4,17.9,1,N
86282,2014,6,5,14.9,1,N
86282,2014,6,6,14.9,1,N
86282,2014,6,7,15.7,1,N
86282,2014,6,8,13.5,1,N
86282,2014,6,9,14.2,1,N
86282,2014,6,10,18.1,1,N
86282,2014,6,11,16.2,1,N
86282,2014,6,12,15,1,N
86282,2014,6,13,16.6,1,N
86282,2014,6,14,14.6,1,N
86282,2014,6,15,14.3,1,N
86282,2014,6,16,15.8,1,N
86282,2014,6,17,15.1,1,N
86282,2014,6,18,13.1,1,N
86282,2014,6,19,11.1,1,N
86282,2014,6,20,14.7,1,N
86282,2014,6,21,14.8,1,N
86282,2014,6,22,14.5,1,N
86282,2014,6,23,14.6,1,N
86282,2014,6,24,13.6,1,N
86282,2014,6,25,15.3,1,N
86282,2014,6,26,15.4,1,N
86282,2014,6,27,14.1,1,N
86282,2014,6,28,11.9,1,N
86282,2014,6,29,11.7,1,N
86282,2014,6,30,12.3,1,N
86282,2014,7,1,12,1,N
86282,2014,7,2,15.8,1,N
86282,2014,7,3,11.7,1,N
86282,2014,7,4,10.8,1,N
86282,2014,7,5,14.5,1,N
86282,2014,7,6,13.2,1,N
86282,2014,7,7,15.3,1,N
86282,2014,7,8,13.6,1,N
86282,2014,7,9,10.6,1,N
86282,2014,7,10,13.5,1,N
86282,2014,7,11,14.4,1,N
23034,2014,1,1,31.3,1,N
23034,2014,1,2,23.1,1,N
23034,2014,1,3,21.8,1,N
23034,2014,1,4,21.8,1,N
23034,2014,1,5,21.7,1,N
23034,2014,1,6,21.7,1,N
23034,2014,1,7,24.1,1,N
23034,2014,1,8,25.4,1,N
23034,2014,1,9,27.2,1,N
23034,2014,1,10,33,1,N
23034,2014,1,11,30.5,1,N
23034,2014,1,12,35,1,N
23034,2014,1,13,38.2,1,N
23034,2014,1,14,43.3,1,N
23034,2014,1,15,42.3,1,N
23034,2014,1,16,41.7,1,N
23034,2014,1,17,40.3,1,N
23034,2014,1,18,29.6,1,N
23034,2014,1,19,27.9,1,N
23034,2014,1,20,29,1,N
23034,2014,1,21,26.6,1,N
23034,2014,1,22,27.8,1,N
23034,2014,1,23,28.7,1,N
23034,2014,1,24,24.9,1,N
23034,2014,1,25,27.5,1,N
23034,2014,1,26,31.3,1,N
23034,2014,1,27,37.5,1,N
23034,2014,1,28,41.4,1,N
23034,2014,1,29,31.1,1,N
23034,2014,1,30,32.2,1,N
23034,2014,1,31,33.3,1,N
23034,2014,2,1,41.3,1,N
23034,2014,2,2,42.3,1,N
23034,2014,2,3,27.2,1,N
23034,2014,2,4,28.1,1,N
23034,2014,2,5,27.9,1,N
23034,2014,2,6,26.8,1,N
23034,2014,2,7,35.7,1,N
23034,2014,2,8,41.3,1,N
23034,2014,2,9,26.1,1,N
23034,2014,2,10,32.5,1,N
23034,2014,2,11,39.2,1,N
23034,2014,2,12,40.3,1,N
23034,2014,2,13,26.6,1,N
23034,2014,2,14,25.1,1,N
23034,2014,2,15,24.8,1,N
23034,2014,2,16,23.4,1,N
23034,2014,2,17,25,1,N
23034,2014,2,18,23,1,N
23034,2014,2,19,20.8,1,N
23034,2014,2,20,20.9,1,N
23034,2014,2,21,21,1,N
23034,2014,2,22,23.3,1,N
23034,2014,2,23,26.2,1,N
23034,2014,2,24,25.4,1,N
23034,2014,2,25,22.1,1,N
23034,2014,2,26,23.7,1,N
23034,2014,2,27,24.9,1,N
23034,2014,2,28,25.1,1,N
23034,2014,3,1,26.4,1,N
23034,2014,3,2,29.1,1,N
23034,2014,3,3,28.5,1,N
23034,2014,3,4,34,1,N
23034,2014,3,5,24.3,1,N
23034,2014,3,6,24.3,1,N
23034,2014,3,7,24.4,1,N
23034,2014,3,8,27.3,1,N
23034,2014,3,9,35.2,1,N
23034,2014,3,10,35,1,N
23034,2014,3,11,31.8,1,N
23034,2014,3,12,22.1,1,N
23034,2014,3,13,22.7,1,N
23034,2014,3,14,27.3,1,N
23034,2014,3,15,22.5,1,N
23034,2014,3,16,21.6,1,N
23034,2014,3,17,23.1,1,N
23034,2014,3,18,23.1,1,N
23034,2014,3,19,22.5,1,N
23034,2014,3,20,30.7,1,N
23034,2014,3,21,21.4,1,N
23034,2014,3,22,21.5,1,N
23034,2014,3,23,20.5,1,N
23034,2014,3,24,22.1,1,N
23034,2014,3,25,20.5,1,N
23034,2014,3,26,26.7,1,N
23034,2014,3,27,26.2,1,N
23034,2014,3,28,23.9,1,N
23034,2014,3,29,23.4,1,N
23034,2014,3,30,32.4,1,N
23034,2014,3,31,32.4,1,N
23034,2014,4,1,35.1,1,N
23034,2014,4,2,22.5,1,N
23034,2014,4,3,22.1,1,N
23034,2014,4,4,21.9,1,N
23034,2014,4,5,21.5,1,N
23034,2014,4,6,23.6,1,N
23034,2014,4,7,28,1,N
23034,2014,4,8,23.1,1,N
23034,2014,4,9,22.1,1,N
23034,2014,4,10,23.5,1,N
23034,2014,4,11,19.5,1,N
23034,2014,4,12,20.9,1,N
23034,2014,4,13,22,1,N
23034,2014,4,14,22.7,1,N
23034,2014,4,15,22.8,1,N
23034,2014,4,16,22.8,1,N
23034,2014,4,17,22.8,1,N
23034,2014,4,18,20.6,1,N
23034,2014,4,19,19.3,1,N
23034,2014,4,20,22.9,1,N
23034,2014,4,21,27.8,1,N
23034,2014,4,22,20.7,1,N
23034,2014,4,23,20.7,1,N
23034,2014,4,24,20.8,1,N
23034,2014,4,25,23.5,1,N
23034,2014,4,26,20.6,1,N
23034,2014,4,27,22.7,1,N
23034,2014,4,28,29.4,1,N
23034,2014,4,29,19.4,1,N
23034,2014,4,30,18.2,1,N
23034,2014,5,1,17.6,1,N
23034,2014,5,2,14.5,1,N
23034,2014,5,3,15.9,1,N
23034,2014,5,4,16.9,1,N
23034,2014,5,5,18.5,1,N
23034,2014,5,6,17.6,1,N
23034,2014,5,7,18.2,1,N
23034,2014,5,8,18,1,N
23034,2014,5,9,15,1,N
23034,2014,5,10,19.8,1,N
23034,2014,5,11,19.3,1,N
23034,2014,5,12,21.5,1,N
23034,2014,5,13,22.4,1,N
23034,2014,5,14,23.8,1,N
23034,2014,5,15,24.2,1,N
23034,2014,5,16,26.2,1,N
23034,2014,5,17,24,1,N
23034,2014,5,18,23.8,1,N
23034,2014,5,19,22.1,1,N
23034,2014,5,20,23.3,1,N
23034,2014,5,21,26.1,1,N
23034,2014,5,22,24.8,1,N
23034,2014,5,23,20.4,1,N
23034,2014,5,24,24.2,1,N
23034,2014,5,25,23.8,1,N
23034,2014,5,26,18.6,1,N
23034,2014,5,27,18.2,1,N
23034,2014,5,28,18.5,1,N
23034,2014,5,29,20.6,1,N
23034,2014,5,30,20.7,1,N
23034,2014,5,31,15.1,1,N
23034,2014,6,1,16.4,1,N
23034,2014,6,2,17.5,1,N
23034,2014,6,3,17.6,1,N
23034,2014,6,4,17.5,1,N
23034,2014,6,5,17.2,1,N
23034,2014,6,6,17.5,1,N
23034,2014,6,7,19.3,1,N
23034,2014,6,8,17.4,1,N
23034,2014,6,9,14.6,1,N
23034,2014,6,10,18.8,1,N
23034,2014,6,11,17.3,1,N
23034,2014,6,12,17.5,1,N
23034,2014,6,13,13.7,1,N
23034,2014,6,14,16.4,1,N
23034,2014,6,15,16.1,1,N
23034,2014,6,16,17.2,1,N
23034,2014,6,17,15.7,1,N
23034,2014,6,18,16.6,1,N
23034,2014,6,19,16.3,1,N
23034,2014,6,20,17,1,N
23034,2014,6,21,16.4,1,N
23034,2014,6,22,17.3,1,N
23034,2014,6,23,14.3,1,N
23034,2014,6,24,16.1,1,N
23034,2014,6,25,16.2,1,N
23034,2014,6,26,15.9,1,N
23034,2014,6,27,17.1,1,N
23034,2014,6,28,13.1,1,N
23034,2014,6,29,14.5,1,N
23034,2014,6,30,15.2,1,N
23034,2014,7,1,15.3,1,N
23034,2014,7,2,16.1,1,N
23034,2014,7,3,15.9,1,N
23034,2014,7,4,15.7,1,N
23034,2014,7,5,14,1,N
23034,2014,7,6,15.4,1,N
23034,2014,7,7,15.3,1,N
23034,2014,7,8,17.6,1,N
23034,2014,7,9,12.6,1,N
23034,2014,7,10,14.3,1,N
23034,2014,7,11,15.5,1,N
94029,2014,1,1,22.7,1,N
94029,2014,1,2,20.4,1,N
94029,2014,1,3,22.3,1,N
94029,2014,1,4,19.9,1,N
94029,2014,1,5,21.7,1,N
94029,2014,1,6,17.3,1,N
94029,2014,1,7,15.6,1,N
94029,2014,1,8,18.1,1,N
94029,2014,1,9,20.7,1,N
94029,2014,1,10,29.9,1,N
94029,2014,1,11,25.6,1,N
94029,2014,1,12,21.7,1,N
94029,2014,1,13,25,1,N
94029,2014,1,14,30.3,1,N
94029,2014,1,15,24.3,1,N
94029,2014,1,16,22.6,1,N
94029,2014,1,17,32.7,1,N
94029,2014,1,18,22.5,1,N
94029,2014,1,19,19.2,1,N
94029,2014,1,20,20.7,1,N
94029,2014,1,21,21.9,1,N
94029,2014,1,22,21.3,1,N
94029,2014,1,23,21.1,1,N
94029,2014,1,24,25.5,1,N
94029,2014,1,25,19,1,N
94029,2014,1,26,24.5,1,N
94029,2014,1,27,34.7,1,N
94029,2014,1,28,38.9,1,N
94029,2014,1,29,21.5,1,N
94029,2014,1,30,24.2,1,N
94029,2014,1,31,22,1,N
94029,2014,2,1,29.5,1,N
94029,2014,2,2,27,1,N
94029,2014,2,3,23.5,1,N
94029,2014,2,4,18.2,1,N
94029,2014,2,5,19.5,1,N
94029,2014,2,6,24.8,1,N
94029,2014,2,7,27.5,1,N
94029,2014,2,8,26.3,1,N
94029,2014,2,9,35.4,1,N
94029,2014,2,10,21.3,1,N
94029,2014,2,11,22.7,1,N
94029,2014,2,12,22.8,1,N
94029,2014,2,13,30.2,1,N
94029,2014,2,14,17.4,1,N
94029,2014,2,15,26.5,1,N
94029,2014,2,16,19.2,1,N
94029,2014,2,17,18.6,1,N
94029,2014,2,18,21.8,1,N
94029,2014,2,19,21.9,1,N
94029,2014,2,20,23.6,1,N
94029,2014,2,21,18.4,1,N
94029,2014,2,22,20.8,1,N
94029,2014,2,23,25.4,1,N
94029,2014,2,24,16.6,1,N
94029,2014,2,25,26.7,1,N
94029,2014,2,26,20.9,1,N
94029,2014,2,27,19.8,1,N
94029,2014,2,28,19.7,1,N
94029,2014,3,1,22.3,1,N
94029,2014,3,2,17.5,1,N
94029,2014,3,3,20.6,1,N
94029,2014,3,4,30.2,1,N
94029,2014,3,5,22.1,1,N
94029,2014,3,6,21.1,1,N
94029,2014,3,7,21.1,1,N
94029,2014,3,8,21.1,1,N
94029,2014,3,9,29.6,1,N
94029,2014,3,10,27.6,1,N
94029,2014,3,11,32,1,N
94029,2014,3,12,19.7,1,N
94029,2014,3,13,27.4,1,N
94029,2014,3,14,21.5,1,N
94029,2014,3,15,27.3,1,N
94029,2014,3,16,20.9,1,N
94029,2014,3,17,21.5,1,N
94029,2014,3,18,22.4,1,N
94029,2014,3,19,20.7,1,N
94029,2014,3,20,25.4,1,N
94029,2014,3,21,14.8,1,N
94029,2014,3,22,15.7,1,N
94029,2014,3,23,20.2,1,N
94029,2014,3,24,18.7,1,N
94029,2014,3,25,19.4,1,N
94029,2014,3,26,21.7,1,N
94029,2014,3,27,18.3,1,N
94029,2014,3,28,17.9,1,N
94029,2014,3,29,19.5,1,N
94029,2014,3,30,20.2,1,N
94029,2014,3,31,24.9,1,N
94029,2014,4,1,31,1,N
94029,2014,4,2,21.9,1,N
94029,2014,4,3,18.5,1,N
94029,2014,4,4,17.6,1,N
94029,2014,4,5,17.3,1,N
94029,2014,4,6,19.4,1,N
94029,2014,4,7,21.4,1,N
94029,2014,4,8,20.7,1,N
94029,2014,4,9,22.8,1,N
94029,2014,4,10,22.7,1,N
94029,2014,4,11,12.9,1,N
94029,2014,4,12,14.4,1,N
94029,2014,4,13,19,1,N
94029,2014,4,14,18.4,1,N
94029,2014,4,15,16,1,N
94029,2014,4,16,18.5,1,N
94029,2014,4,17,21.2,1,N
94029,2014,4,18,16.7,1,N
94029,2014,4,19,14.8,1,N
94029,2014,4,20,18.8,1,N
94029,2014,4,21,15.5,1,N
94029,2014,4,22,20.4,1,N
94029,2014,4,23,16.9,1,N
94029,2014,4,24,12.8,1,N
94029,2014,4,25,16,1,N
94029,2014,4,26,12.9,1,N
94029,2014,4,27,14.4,1,N
94029,2014,4,28,19.5,1,N
94029,2014,4,29,20.4,1,N
94029,2014,4,30,14.8,1,N
94029,2014,5,1,15.9,1,N
94029,2014,5,2,13.9,1,N
94029,2014,5,3,12.3,1,N
94029,2014,5,4,12.3,1,N
94029,2014,5,5,13.4,1,N
94029,2014,5,6,12.3,1,N
94029,2014,5,7,11.6,1,N
94029,2014,5,8,14.2,1,N
94029,2014,5,9,16.1,1,N
94029,2014,5,10,13.8,1,N
94029,2014,5,11,19.9,1,N
94029,2014,5,12,16.9,1,N
94029,2014,5,13,17.9,1,N
94029,2014,5,14,19.2,1,N
94029,2014,5,15,23.9,1,N
94029,2014,5,16,18.7,1,N
94029,2014,5,17,21.1,1,N
94029,2014,5,18,18.6,1,N
94029,2014,5,19,18.8,1,N
94029,2014,5,20,15.4,1,N
94029,2014,5,21,15.6,1,N
94029,2014,5,22,17.7,1,N
94029,2014,5,23,14.2,1,N
94029,2014,5,24,13.9,1,N
94029,2014,5,25,15,1,N
94029,2014,5,26,13.9,1,N
94029,2014,5,27,17.1,1,N
94029,2014,5,28,15.2,1,N
94029,2014,5,29,10.8,1,N
94029,2014,5,30,13.4,1,N
94029,2014,5,31,9.2,1,N
94029,2014,6,1,12.4,1,N
94029,2014,6,2,15.7,1,N
94029,2014,6,3,13.4,1,N
94029,2014,6,4,15.5,1,N
94029,2014,6,5,13.5,1,N
94029,2014,6,6,14.5,1,N
94029,2014,6,7,12.9,1,N
94029,2014,6,8,11,1,N
94029,2014,6,9,9,1,N
94029,2014,6,10,10,1,N
94029,2014,6,11,12.7,1,N
94029,2014,6,12,12.4,1,N
94029,2014,6,13,12.6,1,N
94029,2014,6,14,12.8,1,N
94029,2014,6,15,11.5,1,N
94029,2014,6,16,14.4,1,N
94029,2014,6,17,15.3,1,N
94029,2014,6,18,15.1,1,N
94029,2014,6,19,13.6,1,N
94029,2014,6,20,15.7,1,N
94029,2014,6,21,14.5,1,N
94029,2014,6,22,15.8,1,N
94029,2014,6,23,14.8,1,N
94029,2014,6,24,12.6,1,N
94029,2014,6,25,15.3,1,N
94029,2014,6,26,11.1,1,N
94029,2014,6,27,17.4,1,N
94029,2014,6,28,12.1,1,N
94029,2014,6,29,9.5,1,N
94029,2014,6,30,11.2,1,N
94029,2014,7,1,13.7,1,N
94029,2014,7,2,16.2,1,N
94029,2014,7,3,17.5,1,N
94029,2014,7,4,14.8,1,N
94029,2014,7,5,13.9,1,N
94029,2014,7,6,10.7,1,N
94029,2014,7,7,14,1,N
94029,2014,7,8,16,1,N
94029,2014,7,9,13.4,1,N
94029,2014,7,10,,,
94029,2014,7,11,15.6,1,N
